,Description,Energy,Protein,Total lipid (fat),"Carbohydrate, by difference",Water,Ash,"Fiber, total dietary","Potassium, K","Magnesium, Mg","Sodium, Na",Category
18,"Salsify, (vegetable oyster), raw",82.0,3.3,0.2,18.6,77.0,0.9,3.3,380.0,23.0,20.0,vegetable
130,"Alfalfa seeds, sprouted, raw",23.0,3.99,0.69,2.1,92.8,0.4,1.9,79.0,27.0,6.0,vegetable
131,"Amaranth leaves, cooked, boiled, drained, with salt",21.0,2.11,0.18,4.11,91.5,2.11,,641.0,55.0,257.0,vegetable
132,"Amaranth leaves, cooked, boiled, drained, without salt",21.0,2.11,0.18,4.11,91.5,2.11,,641.0,55.0,21.0,vegetable
133,"Amaranth leaves, raw",23.0,2.46,0.33,4.02,91.7,1.5,,611.0,55.0,20.0,vegetable
134,"Arrowhead, cooked, boiled, drained, with salt",78.0,4.49,0.1,16.1,77.1,2.19,,881.0,49.0,254.0,vegetable
135,"Arrowhead, cooked, boiled, drained, without salt",78.0,4.49,0.1,16.1,77.1,2.19,,881.0,49.0,18.0,vegetable
136,"Arrowhead, raw",99.0,5.33,0.29,20.2,72.5,1.67,,922.0,51.0,22.0,vegetable
137,"Arrowroot, raw",65.0,4.24,0.2,13.4,80.8,1.42,1.3,454.0,25.0,26.0,vegetable
138,"Artichokes, (globe or french), cooked, boiled, drained, with salt",51.0,2.89,0.34,11.4,84.1,1.3,5.7,286.0,42.0,296.0,vegetable
139,"Artichokes, (globe or french), cooked, boiled, drained, without salt",53.0,2.89,0.34,12.0,84.1,0.74,5.7,286.0,42.0,60.0,vegetable
140,"Artichokes, (globe or french), frozen, cooked, boiled, drained, with salt",45.0,3.11,0.5,9.18,86.5,0.71,4.6,264.0,31.0,289.0,vegetable
141,"Artichokes, (globe or french), frozen, cooked, boiled, drained, without salt",45.0,3.11,0.5,9.18,86.5,0.71,4.6,264.0,31.0,53.0,vegetable
143,"Artichokes, (globe or french), raw",47.0,3.27,0.15,10.5,84.9,1.13,5.4,370.0,60.0,94.0,vegetable
144,"Arugula, raw",25.0,2.58,0.66,3.65,91.7,1.4,1.6,369.0,47.0,27.0,vegetable
148,"Asparagus, cooked, boiled, drained",22.0,2.4,0.22,4.11,92.6,0.63,2.0,224.0,14.0,14.0,vegetable
149,"Asparagus, cooked, boiled, drained, with salt",22.0,2.4,0.22,4.11,92.6,0.63,2.0,224.0,14.0,240.0,vegetable
150,"Asparagus, frozen, cooked, boiled, drained, with salt",18.0,2.95,0.42,1.92,94.1,0.61,1.6,172.0,10.0,240.0,vegetable
151,"Asparagus, frozen, cooked, boiled, drained, without salt",18.0,2.95,0.42,1.92,94.1,0.61,1.6,172.0,10.0,3.0,vegetable
153,"Asparagus, raw",20.0,2.2,0.12,3.88,93.2,0.58,2.1,202.0,14.0,2.0,vegetable
154,"Balsam-pear (bitter gourd), leafy tips, cooked, boiled, drained, with salt",32.0,3.6,0.2,6.16,88.7,1.35,1.9,602.0,94.0,249.0,vegetable
155,"Balsam-pear (bitter gourd), leafy tips, cooked, boiled, drained, without salt",34.0,3.6,0.2,6.68,88.7,0.83,1.9,602.0,94.0,13.0,vegetable
156,"Balsam-pear (bitter gourd), leafy tips, raw",30.0,5.3,0.69,3.29,89.2,1.47,,608.0,85.0,11.0,vegetable
157,"Balsam-pear (bitter gourd), pods, cooked, boiled, drained, with salt",19.0,0.84,0.18,4.32,94.0,0.71,2.0,319.0,16.0,242.0,vegetable
158,"Balsam-pear (bitter gourd), pods, cooked, boiled, drained, without salt",19.0,0.84,0.18,4.32,94.0,0.71,2.0,319.0,16.0,6.0,vegetable
159,"Balsam-pear (bitter gourd), pods, raw",17.0,1.0,0.17,3.7,94.0,1.1,2.8,296.0,17.0,5.0,vegetable
161,"Bamboo shoots, cooked, boiled, drained, with salt",11.0,1.53,0.22,1.52,95.9,0.81,1.0,533.0,3.0,240.0,vegetable
162,"Bamboo shoots, cooked, boiled, drained, without salt",12.0,1.53,0.22,1.92,95.9,0.41,1.0,533.0,3.0,4.0,vegetable
163,"Bamboo shoots, raw",27.0,2.6,0.3,5.2,91.0,0.9,2.2,533.0,3.0,4.0,vegetable
164,"Beans, fava, in pod, raw",88.0,7.92,0.73,17.6,72.6,1.12,7.5,332.0,33.0,25.0,vegetable
165,"Beans, kidney, mature seeds, sprouted, cooked, boiled, drained, with salt",33.0,4.83,0.58,4.72,89.3,0.58,,194.0,23.0,243.0,vegetable
166,"Beans, kidney, mature seeds, sprouted, cooked, boiled, drained, without salt",33.0,4.83,0.58,4.72,89.3,0.58,,194.0,23.0,7.0,vegetable
167,"Beans, kidney, mature seeds, sprouted, raw",29.0,4.2,0.5,4.1,90.7,0.5,,187.0,21.0,6.0,vegetable
169,"Beans, navy, mature seeds, sprouted, cooked, boiled, drained, with salt",78.0,7.07,0.81,15.0,76.0,1.09,,317.0,111.0,250.0,vegetable
170,"Beans, navy, mature seeds, sprouted, cooked, boiled, drained, without salt",78.0,7.07,0.81,15.0,76.0,1.09,,317.0,111.0,14.0,vegetable
171,"Beans, navy, mature seeds, sprouted, raw",67.0,6.15,0.7,13.0,79.2,0.95,,307.0,101.0,13.0,vegetable
172,"Beans, pinto, immature seeds, frozen, cooked, boiled, drained, with salt",162.0,9.31,0.48,30.9,58.0,1.33,5.4,646.0,54.0,319.0,vegetable
173,"Beans, pinto, immature seeds, frozen, cooked, boiled, drained, without salt",162.0,9.31,0.48,30.9,58.0,1.33,5.4,646.0,54.0,83.0,vegetable
175,"Beans, pinto, mature seeds, sprouted, cooked, boiled, drained, with salt",20.0,1.86,0.32,3.5,93.4,0.93,,98.0,18.0,287.0,vegetable
176,"Beans, pinto, mature seeds, sprouted, cooked, boiled, drained, without salt",22.0,1.86,0.32,4.1,93.4,0.34,,98.0,18.0,51.0,vegetable
177,"Beans, pinto, mature seeds, sprouted, raw",62.0,5.25,0.9,11.6,81.3,0.95,,307.0,53.0,153.0,vegetable
184,"Beans, snap, green, cooked, boiled, drained, with salt",35.0,1.89,0.28,7.88,89.2,0.73,3.2,146.0,18.0,239.0,vegetable
185,"Beans, snap, green, cooked, boiled, drained, without salt",35.0,1.89,0.28,7.88,89.2,0.73,3.2,146.0,18.0,1.0,vegetable
188,"Beans, snap, green, frozen, cooked, boiled, drained without salt",28.0,1.49,0.17,6.45,91.4,0.47,3.0,159.0,19.0,1.0,vegetable
189,"Beans, snap, green, frozen, cooked, boiled, drained, with salt",28.0,1.49,0.17,6.45,91.4,0.47,3.0,159.0,19.0,245.0,vegetable
191,"Beans, snap, green, raw",31.0,1.83,0.22,6.97,90.3,0.66,2.7,211.0,25.0,6.0,vegetable
196,"Beans, snap, yellow, cooked, boiled, drained, with salt",35.0,1.89,0.28,7.88,89.2,0.73,3.3,299.0,25.0,239.0,vegetable
197,"Beans, snap, yellow, cooked, boiled, drained, without salt",35.0,1.89,0.28,7.88,89.2,0.73,3.3,299.0,25.0,3.0,vegetable
199,"Beans, snap, yellow, frozen, cooked, boiled, drained, with salt",28.0,1.49,0.17,6.45,91.4,0.47,3.0,126.0,24.0,245.0,vegetable
200,"Beans, snap, yellow, frozen, cooked, boiled, drained, without salt",28.0,1.49,0.17,6.45,91.4,0.47,3.0,126.0,24.0,9.0,vegetable
201,"Beans, snap, yellow, raw",31.0,1.82,0.12,7.13,90.3,0.66,3.4,209.0,25.0,6.0,vegetable
202,"Beet greens, cooked, boiled, drained, with salt",27.0,2.57,0.2,5.46,89.1,2.64,2.9,909.0,68.0,477.0,vegetable
203,"Beet greens, cooked, boiled, drained, without salt",27.0,2.57,0.2,5.46,89.1,2.64,2.9,909.0,68.0,241.0,vegetable
204,"Beet greens, raw",22.0,2.2,0.13,4.33,91.0,2.33,3.7,762.0,70.0,226.0,vegetable
208,"Beets, cooked, boiled, drained",44.0,1.68,0.18,9.96,87.1,1.12,2.0,305.0,23.0,77.0,vegetable
209,"Beets, cooked, boiled. drained, with salt",44.0,1.68,0.18,9.96,87.1,1.12,2.0,305.0,23.0,285.0,vegetable
212,"Beets, raw",43.0,1.61,0.17,9.56,87.6,1.08,2.8,325.0,23.0,78.0,vegetable
213,"Borage, cooked, boiled, drained, with salt",25.0,2.09,0.81,3.55,91.9,1.67,,491.0,57.0,324.0,vegetable
214,"Borage, cooked, boiled, drained, without salt",25.0,2.09,0.81,3.55,91.9,1.67,,491.0,57.0,88.0,vegetable
215,"Borage, raw",21.0,1.8,0.7,3.06,93.0,1.44,,470.0,52.0,80.0,vegetable
216,"Broadbeans, immature seeds, cooked, boiled, drained, with salt",62.0,4.8,0.5,10.1,83.7,0.9,,193.0,31.0,277.0,vegetable
217,"Broadbeans, immature seeds, cooked, boiled, drained, without salt",62.0,4.8,0.5,10.1,83.7,0.9,3.6,193.0,31.0,41.0,vegetable
218,"Broadbeans, immature seeds, raw",72.0,5.6,0.6,11.7,81.0,1.1,4.2,250.0,38.0,50.0,vegetable
219,"Broccoli raab, cooked",25.0,3.83,0.52,3.12,91.4,1.11,2.8,343.0,27.0,56.0,vegetable
220,"Broccoli raab, raw",22.0,3.17,0.49,2.85,92.6,0.93,2.7,196.0,22.0,33.0,vegetable
221,"Broccoli, chinese, cooked",22.0,1.14,0.72,3.81,93.5,0.79,2.5,261.0,18.0,7.0,vegetable
222,"Broccoli, chinese, raw",26.0,1.2,0.76,4.67,92.6,0.83,2.6,274.0,19.0,7.0,vegetable
223,"Broccoli, cooked, boiled, drained, with salt",35.0,2.38,0.41,7.18,89.2,0.77,3.3,293.0,21.0,262.0,vegetable
224,"Broccoli, cooked, boiled, drained, without salt",35.0,2.38,0.41,7.18,89.2,0.77,3.3,293.0,21.0,41.0,vegetable
225,"Broccoli, flower clusters, raw",28.0,2.98,0.35,5.06,90.7,0.92,2.3,325.0,25.0,27.0,vegetable
226,"Broccoli, frozen, chopped, cooked, boiled, drained, with salt",28.0,3.1,0.12,5.35,90.7,0.71,3.0,142.0,13.0,260.0,vegetable
227,"Broccoli, frozen, chopped, cooked, boiled, drained, without salt",28.0,3.1,0.12,5.35,90.7,0.71,3.0,142.0,13.0,11.0,vegetable
229,"Broccoli, frozen, spears, cooked, boiled, drained, with salt",28.0,3.1,0.11,5.35,90.7,0.71,3.0,180.0,20.0,260.0,vegetable
230,"Broccoli, frozen, spears, cooked, boiled, drained, without salt",28.0,3.1,0.11,5.36,90.7,0.71,3.0,180.0,20.0,24.0,vegetable
232,"Broccoli, leaves, raw",28.0,2.98,0.35,5.06,90.7,0.92,2.3,325.0,25.0,27.0,vegetable
233,"Broccoli, raw",34.0,2.82,0.37,6.64,89.3,0.87,2.6,316.0,21.0,33.0,vegetable
234,"Broccoli, stalks, raw",28.0,2.98,0.35,5.24,90.7,0.92,,325.0,25.0,27.0,vegetable
235,"Brussels sprouts, cooked, boiled, drained, with salt",36.0,2.55,0.5,7.1,88.9,0.95,2.6,317.0,20.0,257.0,vegetable
236,"Brussels sprouts, cooked, boiled, drained, without salt",36.0,2.55,0.5,7.1,88.9,0.95,2.6,317.0,20.0,21.0,vegetable
237,"Brussels sprouts, frozen, cooked, boiled, drained, with salt",42.0,3.64,0.39,8.32,86.7,0.91,4.1,290.0,18.0,259.0,vegetable
238,"Brussels sprouts, frozen, cooked, boiled, drained, without salt",42.0,3.64,0.39,8.32,86.7,0.91,4.1,290.0,18.0,15.0,vegetable
240,"Brussels sprouts, raw",43.0,3.38,0.3,8.95,86.0,1.37,3.8,389.0,23.0,25.0,vegetable
241,"Burdock root, cooked, boiled, drained, with salt",88.0,2.09,0.14,21.2,75.6,0.98,1.8,360.0,39.0,240.0,vegetable
242,"Burdock root, cooked, boiled, drained, without salt",88.0,2.09,0.14,21.2,75.6,0.98,1.8,360.0,39.0,4.0,vegetable
243,"Burdock root, raw",72.0,1.53,0.15,17.3,80.1,0.89,3.3,308.0,38.0,5.0,vegetable
244,"Butterbur, (fuki), raw",14.0,0.39,0.04,3.61,94.5,1.46,,655.0,14.0,7.0,vegetable
246,"Butterbur, cooked, boiled, drained, with salt",8.0,0.23,0.02,2.16,96.7,0.88,,354.0,8.0,240.0,vegetable
247,"Butterbur, cooked, boiled, drained, without salt",8.0,0.23,0.02,2.16,96.7,0.88,,354.0,8.0,4.0,vegetable
248,"Cabbage, chinese (pak-choi), cooked, boiled, drained, with salt",12.0,1.56,0.16,1.78,95.6,0.95,1.0,371.0,11.0,270.0,vegetable
249,"Cabbage, chinese (pak-choi), cooked, boiled, drained, without salt",12.0,1.56,0.16,1.78,95.6,0.95,1.0,371.0,11.0,34.0,vegetable
250,"Cabbage, chinese (pak-choi), raw",13.0,1.5,0.2,2.18,95.3,0.8,1.0,252.0,19.0,65.0,vegetable
251,"Cabbage, chinese (pe-tsai), cooked, boiled, drained, with salt",14.0,1.5,0.17,2.41,95.2,0.68,1.7,225.0,10.0,245.0,vegetable
252,"Cabbage, chinese (pe-tsai), cooked, boiled, drained, without salt",14.0,1.5,0.17,2.41,95.2,0.68,1.7,225.0,10.0,9.0,vegetable
253,"Cabbage, chinese (pe-tsai), raw",16.0,1.2,0.2,3.23,94.4,0.98,1.2,238.0,13.0,9.0,vegetable
254,"Cabbage, common (danish, domestic, and pointed types), freshly harvest, raw",24.0,1.21,0.18,5.37,92.5,0.72,2.3,246.0,15.0,18.0,vegetable
255,"Cabbage, common (danish, domestic, and pointed types), stored, raw",24.0,1.21,0.18,5.37,92.5,0.72,2.3,246.0,15.0,18.0,vegetable
256,"Cabbage, common, cooked, boiled, drained, with salt",23.0,1.27,0.06,5.51,92.6,0.59,1.9,196.0,15.0,255.0,vegetable
257,"Cabbage, cooked, boiled, drained, without salt",23.0,1.27,0.06,5.51,92.6,0.59,1.9,196.0,15.0,8.0,vegetable
261,"Cabbage, napa, cooked",12.0,1.1,0.17,2.23,96.3,0.17,,87.0,8.0,11.0,vegetable
262,"Cabbage, raw",25.0,1.28,0.1,5.8,92.2,0.64,2.5,170.0,12.0,18.0,vegetable
263,"Cabbage, red, cooked, boiled, drained, with salt",29.0,1.51,0.09,6.94,90.8,0.62,2.6,262.0,17.0,244.0,vegetable
264,"Cabbage, red, cooked, boiled, drained, without salt",29.0,1.51,0.09,6.94,90.8,0.62,2.6,262.0,17.0,28.0,vegetable
265,"Cabbage, red, raw",31.0,1.43,0.16,7.37,90.4,0.64,2.1,243.0,16.0,27.0,vegetable
266,"Cabbage, savoy, cooked, boiled, drained, with salt",24.0,1.8,0.09,5.41,92.0,0.7,2.8,184.0,24.0,260.0,vegetable
267,"Cabbage, savoy, cooked, boiled, drained, without salt",24.0,1.8,0.09,5.41,92.0,0.7,2.8,184.0,24.0,24.0,vegetable
268,"Cabbage, savoy, raw",27.0,2.0,0.1,6.1,91.0,0.8,3.1,230.0,28.0,28.0,vegetable
269,"Cardoon, cooked, boiled, drained, with salt",20.0,0.76,0.11,4.74,93.5,0.93,1.7,392.0,43.0,412.0,vegetable
270,"Cardoon, cooked, boiled, drained, without salt",22.0,0.76,0.11,5.33,93.5,0.34,1.7,392.0,43.0,176.0,vegetable
271,"Cardoon, raw",17.0,0.7,0.1,4.07,94.0,1.13,1.6,400.0,42.0,170.0,vegetable
274,"Carrots, baby, raw",35.0,0.64,0.13,8.24,90.4,0.63,2.9,237.0,10.0,78.0,vegetable
279,"Carrots, cooked, boiled, drained, with salt",35.0,0.76,0.18,8.22,90.2,0.67,3.0,235.0,10.0,302.0,vegetable
280,"Carrots, cooked, boiled, drained, without salt",35.0,0.76,0.18,8.22,90.2,0.67,3.0,235.0,10.0,58.0,vegetable
281,"Carrots, frozen, cooked, boiled, drained, with salt",37.0,0.58,0.68,7.73,90.3,0.69,3.3,192.0,11.0,295.0,vegetable
282,"Carrots, frozen, cooked, boiled, drained, without salt",37.0,0.58,0.68,7.73,90.3,0.69,3.3,192.0,11.0,59.0,vegetable
284,"Carrots, raw",41.0,0.93,0.24,9.58,88.3,0.97,2.8,320.0,12.0,69.0,vegetable
285,"Cassava, raw",160.0,1.36,0.28,38.1,59.7,0.62,1.8,271.0,21.0,14.0,vegetable
288,"Cauliflower, cooked, boiled, drained, with salt",23.0,1.84,0.45,4.11,93.0,0.6,2.3,142.0,9.0,242.0,vegetable
289,"Cauliflower, cooked, boiled, drained, without salt",23.0,1.84,0.45,4.11,93.0,0.6,2.3,142.0,9.0,15.0,vegetable
290,"Cauliflower, frozen, cooked, boiled, drained, with salt",17.0,1.61,0.22,3.16,94.0,1.01,2.7,139.0,9.0,254.0,vegetable
291,"Cauliflower, frozen, cooked, boiled, drained, without salt",19.0,1.61,0.22,3.75,94.0,0.42,2.7,139.0,9.0,18.0,vegetable
293,"Cauliflower, green, cooked, no salt added",32.0,3.04,0.31,6.28,89.5,0.9,3.3,278.0,19.0,23.0,vegetable
294,"Cauliflower, green, cooked, with salt",32.0,3.04,0.31,6.28,89.5,0.9,3.3,278.0,19.0,259.0,vegetable
295,"Cauliflower, green, raw",31.0,2.95,0.3,6.09,89.8,0.88,3.2,300.0,20.0,23.0,vegetable
296,"Cauliflower, raw",25.0,1.92,0.28,4.97,92.1,0.76,2.0,299.0,15.0,30.0,vegetable
297,"Celeriac, cooked, boiled, drained, with salt",27.0,0.96,0.19,5.9,92.3,0.64,,173.0,12.0,297.0,vegetable
298,"Celeriac, cooked, boiled, drained, without salt",27.0,0.96,0.19,5.9,92.3,0.64,1.2,173.0,12.0,61.0,vegetable
299,"Celeriac, raw",42.0,1.5,0.3,9.2,88.0,1.0,1.8,300.0,20.0,100.0,vegetable
300,"Celery, cooked, boiled, drained, with salt",18.0,0.83,0.16,4.0,94.1,0.9,1.6,284.0,12.0,327.0,vegetable
301,"Celery, cooked, boiled, drained, without salt",18.0,0.83,0.16,4.0,94.1,0.9,1.6,284.0,12.0,91.0,vegetable
302,"Celery, raw",14.0,0.69,0.17,2.97,95.4,0.75,1.6,260.0,11.0,80.0,vegetable
303,"Celtuce, raw",18.0,0.85,0.3,3.65,94.5,0.7,1.7,330.0,28.0,11.0,vegetable
304,"Chard, swiss, cooked, boiled, drained, with salt",20.0,1.88,0.08,4.13,92.6,1.26,2.1,549.0,86.0,415.0,vegetable
305,"Chard, swiss, cooked, boiled, drained, without salt",20.0,1.88,0.08,4.13,92.6,1.26,2.1,549.0,86.0,179.0,vegetable
306,"Chard, swiss, raw",19.0,1.8,0.2,3.74,92.7,1.6,1.6,379.0,81.0,213.0,vegetable
307,"Chayote, fruit, cooked, boiled, drained, with salt",22.0,0.62,0.48,4.5,93.4,0.97,2.8,173.0,12.0,237.0,vegetable
308,"Chayote, fruit, cooked, boiled, drained, without salt",24.0,0.62,0.48,5.09,93.4,0.38,2.8,173.0,12.0,1.0,vegetable
309,"Chayote, fruit, raw",19.0,0.82,0.13,4.51,94.2,0.3,1.7,125.0,12.0,2.0,vegetable
310,"Chicory greens, raw",23.0,1.7,0.3,4.7,92.0,1.3,4.0,420.0,30.0,45.0,vegetable
311,"Chicory roots, raw",72.0,1.4,0.2,17.5,80.0,0.89,1.5,290.0,22.0,50.0,vegetable
312,"Chicory, witloof, raw",17.0,0.9,0.1,4.0,94.5,0.47,3.1,211.0,10.0,2.0,vegetable
314,"Chives, raw",30.0,3.27,0.73,4.35,90.6,1.0,2.5,296.0,42.0,3.0,vegetable
315,"Chrysanthemum leaves, raw",24.0,3.36,0.56,3.01,91.4,1.67,3.0,567.0,32.0,118.0,vegetable
316,"Chrysanthemum, garland, cooked, boiled, drained, with salt",20.0,1.64,0.09,4.31,92.5,1.47,2.3,569.0,18.0,289.0,vegetable
317,"Chrysanthemum, garland, cooked, boiled, drained, without salt",20.0,1.64,0.09,4.31,92.5,1.47,2.3,569.0,18.0,53.0,vegetable
318,"Chrysanthemum, garland, raw",24.0,3.36,0.56,3.02,91.4,1.67,3.0,567.0,32.0,118.0,vegetable
319,"Collards, cooked, boiled, drained, with salt",33.0,2.71,0.72,5.65,90.2,0.73,4.0,117.0,21.0,252.0,vegetable
320,"Collards, cooked, boiled, drained, without salt",33.0,2.71,0.72,5.65,90.2,0.73,4.0,117.0,21.0,15.0,vegetable
321,"Collards, frozen, chopped, cooked, boiled, drained, with salt",36.0,2.97,0.41,7.1,88.5,1.05,2.8,251.0,30.0,286.0,vegetable
322,"Collards, frozen, chopped, cooked, boiled, drained, without salt",36.0,2.97,0.41,7.1,88.5,1.05,2.8,251.0,30.0,50.0,vegetable
324,"Collards, raw",32.0,3.02,0.61,5.42,89.6,1.32,4.0,213.0,27.0,17.0,vegetable
325,"Coriander (cilantro) leaves, raw",23.0,2.13,0.52,3.67,92.2,1.47,2.8,521.0,26.0,46.0,vegetable
335,"Corn, sweet, white, cooked, boiled, drained, with salt",97.0,3.34,1.41,21.7,72.8,0.7,2.7,252.0,31.0,253.0,vegetable
336,"Corn, sweet, white, cooked, boiled, drained, without salt",97.0,3.34,1.41,21.7,72.8,0.7,2.7,252.0,31.0,3.0,vegetable
340,"Corn, sweet, white, frozen, kernels on cob, cooked, boiled, drained, with salt",94.0,3.11,0.74,22.3,73.2,0.62,2.8,251.0,29.0,240.0,vegetable
341,"Corn, sweet, white, frozen, kernels on cob, cooked, boiled, drained, without salt",94.0,3.11,0.74,22.3,73.2,0.62,2.1,251.0,29.0,4.0,vegetable
343,"Corn, sweet, white, raw",86.0,3.22,1.18,19.0,76.0,0.62,2.7,270.0,37.0,15.0,vegetable
352,"Corn, sweet, yellow, cooked, boiled, drained, with salt",96.0,3.41,1.5,21.0,73.4,0.71,2.4,218.0,26.0,253.0,vegetable
353,"Corn, sweet, yellow, cooked, boiled, drained, without salt",96.0,3.41,1.5,21.0,73.4,0.71,2.4,218.0,26.0,1.0,vegetable
356,"Corn, sweet, yellow, frozen, kernels on cob, cooked, boiled, drained, with salt",94.0,3.11,0.74,22.3,73.2,0.62,2.8,251.0,29.0,240.0,vegetable
357,"Corn, sweet, yellow, frozen, kernels on cob, cooked, boiled, drained, without salt",94.0,3.11,0.74,22.3,73.2,0.62,2.8,251.0,29.0,4.0,vegetable
360,"Corn, sweet, yellow, raw",86.0,3.27,1.35,18.7,76.0,0.62,2.0,270.0,37.0,15.0,vegetable
362,"Cornsalad, raw",21.0,2.0,0.4,3.6,92.8,1.2,,459.0,13.0,4.0,vegetable
363,"Cowpeas (blackeyes), immature seeds, cooked, boiled, drained, with salt",94.0,3.17,0.38,19.7,75.5,1.24,5.0,418.0,52.0,240.0,vegetable
364,"Cowpeas (blackeyes), immature seeds, cooked, boiled, drained, without salt",97.0,3.17,0.38,20.3,75.5,0.65,5.0,418.0,52.0,4.0,vegetable
365,"Cowpeas (blackeyes), immature seeds, frozen, cooked, boiled, drained, with salt",131.0,8.49,0.66,23.5,66.1,1.25,6.4,375.0,50.0,241.0,vegetable
366,"Cowpeas (blackeyes), immature seeds, frozen, cooked, boiled, drained, without salt",132.0,8.49,0.66,23.8,66.1,0.99,6.4,375.0,50.0,5.0,vegetable
368,"Cowpeas (blackeyes), immature seeds, raw",90.0,2.95,0.35,18.8,77.2,0.67,5.0,431.0,51.0,4.0,vegetable
369,"Cowpeas, leafy tips, cooked, boiled, drained, with salt",22.0,4.67,0.1,2.8,91.3,1.13,,351.0,62.0,242.0,vegetable
370,"Cowpeas, leafy tips, cooked, boiled, drained, without salt",22.0,4.67,0.1,2.8,91.3,1.13,,351.0,62.0,6.0,vegetable
371,"Cowpeas, leafy tips, raw",29.0,4.1,0.25,4.82,89.8,1.05,,455.0,43.0,7.0,vegetable
372,"Cowpeas, young pods with seeds, cooked, boiled, drained, with salt",34.0,2.6,0.3,7.0,89.5,0.6,,196.0,41.0,239.0,vegetable
373,"Cowpeas, young pods with seeds, cooked, boiled, drained, without salt",34.0,2.6,0.3,7.0,89.5,0.6,,196.0,41.0,3.0,vegetable
374,"Cowpeas, young pods with seeds, raw",44.0,3.3,0.3,9.5,86.0,0.9,3.3,215.0,58.0,4.0,vegetable
375,"Cress, garden, cooked, boiled, drained, with salt",23.0,1.9,0.6,3.8,92.5,1.2,0.7,353.0,26.0,244.0,vegetable
376,"Cress, garden, cooked, boiled, drained, without salt",23.0,1.9,0.6,3.8,92.5,1.2,0.7,353.0,26.0,8.0,vegetable
377,"Cress, garden, raw",32.0,2.6,0.7,5.5,89.4,1.8,1.1,606.0,38.0,14.0,vegetable
378,"Cucumber, peeled, raw",10.0,0.59,0.16,2.16,96.7,0.36,0.7,136.0,12.0,2.0,vegetable
379,"Cucumber, with peel, raw",15.0,0.65,0.11,3.63,95.2,0.38,0.5,147.0,13.0,2.0,vegetable
380,"Dandelion greens, cooked, boiled, drained, with salt",33.0,2.0,0.6,6.4,89.8,1.2,2.9,232.0,24.0,280.0,vegetable
381,"Dandelion greens, cooked, boiled, drained, without salt",33.0,2.0,0.6,6.4,89.8,1.2,2.9,232.0,24.0,44.0,vegetable
382,"Dandelion greens, raw",45.0,2.7,0.7,9.2,85.6,1.8,3.5,397.0,36.0,76.0,vegetable
383,"Dock, cooked, boiled, drained, with salt",20.0,1.83,0.64,2.93,93.6,1.01,,321.0,89.0,239.0,vegetable
384,"Dock, cooked, boiled, drained, without salt",20.0,1.83,0.64,2.93,93.6,1.01,2.6,321.0,89.0,3.0,vegetable
385,"Dock, raw",22.0,2.0,0.7,3.2,93.0,1.1,2.9,390.0,103.0,4.0,vegetable
386,"Drumstick leaves, cooked, boiled, drained, with salt",60.0,5.27,0.93,11.2,81.6,1.0,2.0,344.0,34.0,245.0,vegetable
387,"Drumstick leaves, cooked, boiled, drained, without salt",60.0,5.27,0.93,11.2,81.6,1.0,2.0,344.0,34.0,9.0,vegetable
388,"Drumstick leaves, raw",64.0,9.4,1.4,8.28,78.7,2.26,2.0,337.0,42.0,9.0,vegetable
389,"Drumstick pods, cooked, boiled, drained, with salt",36.0,2.09,0.19,8.18,88.4,1.12,4.2,457.0,42.0,279.0,vegetable
390,"Drumstick pods, cooked, boiled, drained, without salt",36.0,2.09,0.19,8.18,88.4,1.12,4.2,457.0,42.0,43.0,vegetable
391,"Drumstick pods, raw",37.0,2.1,0.2,8.53,88.2,0.97,3.2,461.0,45.0,42.0,vegetable
394,"Eggplant, cooked, boiled, drained, with salt",33.0,0.83,0.23,8.14,89.7,1.13,2.5,123.0,11.0,239.0,vegetable
395,"Eggplant, cooked, boiled, drained, without salt",35.0,0.83,0.23,8.73,89.7,0.54,2.5,123.0,11.0,1.0,vegetable
397,"Eggplant, raw",25.0,0.98,0.18,5.88,92.3,0.66,3.0,229.0,14.0,2.0,vegetable
398,"Endive, raw",17.0,1.25,0.2,3.35,93.8,1.41,3.1,314.0,15.0,22.0,vegetable
399,"Epazote, raw",32.0,0.33,0.52,7.44,89.2,2.5,3.8,633.0,121.0,43.0,vegetable
400,"Eppaw, raw",150.0,4.6,1.8,31.7,60.0,1.92,,340.0,32.0,12.0,vegetable
401,"Escarole, cooked, boiled, drained, no salt added",15.0,1.15,0.18,3.07,94.3,1.3,2.8,245.0,13.0,19.0,vegetable
402,"Fennel, bulb, raw",31.0,1.24,0.2,7.3,90.2,1.05,3.1,414.0,17.0,52.0,vegetable
404,"Fiddlehead ferns, raw",34.0,4.55,0.4,5.54,88.7,0.83,,370.0,34.0,1.0,vegetable
405,"Fireweed, leaves, raw",103.0,4.71,2.75,19.2,70.8,2.54,10.6,494.0,156.0,34.0,vegetable
407,"Garlic, raw",149.0,6.36,0.5,33.1,58.6,1.5,2.1,401.0,25.0,17.0,vegetable
409,"Ginger root, raw",80.0,1.82,0.75,17.8,78.9,0.77,2.0,415.0,43.0,13.0,vegetable
410,"Gourd, dishcloth (towelgourd), cooked, boiled, drained, with salt",54.0,0.66,0.34,13.8,84.3,0.96,2.9,453.0,20.0,257.0,vegetable
411,"Gourd, dishcloth (towelgourd), cooked, boiled, drained, without salt",56.0,0.66,0.34,14.3,84.3,0.37,2.9,453.0,20.0,21.0,vegetable
412,"Gourd, dishcloth (towelgourd), raw",20.0,1.2,0.2,4.35,93.8,0.4,1.1,139.0,14.0,3.0,vegetable
413,"Gourd, white-flowered (calabash), cooked, boiled, drained, with salt",13.0,0.6,0.02,3.1,95.3,0.96,1.2,170.0,11.0,238.0,vegetable
414,"Gourd, white-flowered (calabash), cooked, boiled, drained, without salt",15.0,0.6,0.02,3.69,95.3,0.37,1.2,170.0,11.0,2.0,vegetable
415,"Gourd, white-flowered (calabash), raw",14.0,0.62,0.02,3.39,95.5,0.43,0.5,150.0,11.0,2.0,vegetable
417,"Grape leaves, raw",93.0,5.6,2.12,17.3,73.3,1.65,11.0,272.0,95.0,9.0,vegetable
419,"Hearts of palm, raw",115.0,2.7,0.2,25.6,69.5,1.99,1.5,1810.0,10.0,14.0,vegetable
420,"Hyacinth-beans, immature seeds, cooked, boiled, drained, with salt",50.0,2.95,0.27,9.2,86.9,0.68,,262.0,42.0,238.0,vegetable
421,"Hyacinth-beans, immature seeds, cooked, boiled, drained, without salt",50.0,2.95,0.27,9.2,86.9,0.68,,262.0,42.0,2.0,vegetable
422,"Hyacinth-beans, immature seeds, raw",46.0,2.1,0.2,9.19,87.9,0.64,3.3,252.0,40.0,2.0,vegetable
423,"Jerusalem-artichokes, raw",73.0,2.0,0.01,17.4,78.0,2.54,1.6,429.0,17.0,4.0,vegetable
424,"Jew's ear, (pepeao), raw",25.0,0.48,0.04,6.75,92.6,0.15,,43.0,25.0,9.0,vegetable
425,"Jute, potherb, cooked, boiled, drained, with salt",37.0,3.68,0.2,7.29,87.2,1.68,2.0,550.0,62.0,247.0,vegetable
426,"Jute, potherb, cooked, boiled, drained, without salt",37.0,3.68,0.2,7.29,87.2,1.68,2.0,550.0,62.0,11.0,vegetable
427,"Jute, potherb, raw",34.0,4.65,0.25,5.8,87.7,1.58,,559.0,64.0,8.0,vegetable
428,"Kale, cooked, boiled, drained, with salt",44.0,2.94,1.21,5.3,89.8,0.73,2.3,144.0,25.0,252.0,vegetable
429,"Kale, cooked, boiled, drained, without salt",36.0,2.94,1.21,5.3,89.8,0.73,4.0,144.0,25.0,16.0,vegetable
430,"Kale, frozen, cooked, boiled, drained, with salt",36.0,2.94,1.21,5.3,89.8,0.73,2.3,144.0,25.0,252.0,vegetable
431,"Kale, frozen, cooked, boiled, drained, without salt",36.0,2.94,1.21,5.3,89.8,0.73,2.3,144.0,25.0,16.0,vegetable
433,"Kale, raw",35.0,2.92,1.49,4.42,89.6,1.54,4.1,348.0,33.0,53.0,vegetable
435,"Kohlrabi, cooked, boiled, drained, with salt",29.0,1.8,0.11,6.69,90.3,1.1,1.1,340.0,19.0,257.0,vegetable
436,"Kohlrabi, cooked, boiled, drained, without salt",29.0,1.8,0.11,6.69,90.3,1.1,1.1,340.0,19.0,21.0,vegetable
437,"Kohlrabi, raw",27.0,1.7,0.1,6.2,91.0,1.0,3.6,350.0,19.0,20.0,vegetable
438,"Lambsquarters, cooked, boiled, drained, with salt",32.0,3.2,0.7,5.0,88.9,2.2,2.1,288.0,23.0,265.0,vegetable
439,"Lambsquarters, cooked, boiled, drained, without salt",32.0,3.2,0.7,5.0,88.9,2.2,2.1,288.0,23.0,29.0,vegetable
440,"Lambsquarters, raw",43.0,4.2,0.8,7.3,84.3,3.4,4.0,452.0,34.0,43.0,vegetable
441,"Leeks, (bulb and lower leaf-portion), cooked, boiled, drained, with salt",31.0,0.81,0.2,7.62,90.8,0.57,1.0,87.0,14.0,246.0,vegetable
442,"Leeks, (bulb and lower leaf-portion), cooked, boiled, drained, without salt",31.0,0.81,0.2,7.62,90.8,0.57,1.0,87.0,14.0,10.0,vegetable
443,"Leeks, (bulb and lower leaf-portion), raw",61.0,1.5,0.3,14.2,83.0,1.05,1.8,180.0,28.0,20.0,vegetable
445,"Lemon grass (citronella), raw",99.0,1.82,0.49,25.3,70.6,1.8,,723.0,60.0,6.0,vegetable
446,"Lentils, sprouted, cooked, stir-fried, with salt",101.0,8.8,0.45,21.2,68.7,0.8,,284.0,35.0,246.0,vegetable
447,"Lentils, sprouted, cooked, stir-fried, without salt",101.0,8.8,0.45,21.2,68.7,0.8,,284.0,35.0,10.0,vegetable
448,"Lentils, sprouted, raw",106.0,8.96,0.55,22.1,67.3,1.0,,322.0,37.0,11.0,vegetable
449,"Lettuce, butterhead (includes boston and bibb types), raw",13.0,1.35,0.22,2.23,95.6,0.57,1.1,238.0,13.0,5.0,vegetable
450,"Lettuce, cos or romaine, raw",17.0,1.23,0.3,3.29,94.6,0.58,2.1,247.0,14.0,8.0,vegetable
451,"Lettuce, green leaf, raw",15.0,1.36,0.15,2.87,95.0,0.62,1.3,194.0,13.0,28.0,vegetable
452,"Lettuce, iceberg (includes crisphead types), raw",14.0,0.9,0.14,2.97,95.6,0.36,1.2,141.0,7.0,10.0,vegetable
453,"Lettuce, red leaf, raw",13.0,1.33,0.22,2.26,95.6,0.55,0.9,187.0,12.0,25.0,vegetable
456,"Lima beans, immature seeds, cooked, boiled, drained, with salt",123.0,6.81,0.32,23.6,67.2,2.06,5.3,570.0,74.0,253.0,vegetable
457,"Lima beans, immature seeds, cooked, boiled, drained, without salt",123.0,6.81,0.32,23.6,67.2,2.06,5.4,570.0,74.0,17.0,vegetable
458,"Lima beans, immature seeds, frozen, baby, cooked, boiled, drained, with salt",105.0,6.65,0.3,19.4,72.4,1.25,4.8,411.0,56.0,265.0,vegetable
459,"Lima beans, immature seeds, frozen, baby, cooked, boiled, drained, without salt",105.0,6.65,0.3,19.4,72.4,1.25,4.8,411.0,56.0,29.0,vegetable
461,"Lima beans, immature seeds, frozen, fordhook, cooked, boiled, drained, with salt",103.0,6.07,0.34,19.3,73.0,1.3,5.3,304.0,42.0,289.0,vegetable
462,"Lima beans, immature seeds, frozen, fordhook, cooked, boiled, drained, without salt",103.0,6.07,0.34,19.3,73.0,1.3,5.3,304.0,42.0,69.0,vegetable
464,"Lima beans, immature seeds, raw",113.0,6.84,0.86,20.2,70.2,1.89,4.9,467.0,58.0,8.0,vegetable
465,"Lotus root, cooked, boiled, drained, with salt",66.0,1.58,0.07,16.0,81.4,0.91,3.1,363.0,22.0,281.0,vegetable
466,"Lotus root, cooked, boiled, drained, without salt",66.0,1.58,0.07,16.0,81.4,0.91,3.1,363.0,22.0,45.0,vegetable
467,"Lotus root, raw",74.0,2.6,0.1,17.2,79.1,0.97,4.9,556.0,23.0,40.0,vegetable
468,"Malabar spinach, cooked",23.0,2.98,0.78,2.71,92.5,1.04,2.1,256.0,48.0,55.0,vegetable
469,"Mountain yam, hawaii, cooked, steamed, with salt",82.0,1.73,0.08,20.0,77.1,1.06,,495.0,10.0,248.0,vegetable
470,"Mountain yam, hawaii, cooked, steamed, without salt",82.0,1.73,0.08,20.0,77.1,1.06,,495.0,10.0,12.0,vegetable
471,"Mountain yam, hawaii, raw",67.0,1.34,0.1,16.3,81.4,0.82,2.5,418.0,12.0,13.0,vegetable
472,"Mung beans, mature seeds, sprouted, cooked, boiled, drained, with salt",19.0,2.03,0.09,3.6,93.4,0.89,0.8,101.0,14.0,246.0,vegetable
473,"Mung beans, mature seeds, sprouted, cooked, boiled, drained, without salt",21.0,2.03,0.09,4.19,93.4,0.3,0.8,101.0,14.0,10.0,vegetable
474,"Mung beans, mature seeds, sprouted, cooked, stir-fried",50.0,4.3,0.21,10.6,84.3,0.6,1.9,219.0,33.0,9.0,vegetable
475,"Mung beans, mature seeds, sprouted, raw",30.0,3.04,0.18,5.94,90.4,0.44,1.8,149.0,21.0,6.0,vegetable
476,"Mushroom, white, exposed to ultraviolet light, raw",22.0,3.09,0.34,3.26,92.4,0.85,1.0,318.0,9.0,5.0,vegetable
477,"Mushrooms, brown, italian, or crimini, exposed to ultraviolet light, raw",22.0,2.5,0.1,4.3,92.1,0.98,0.6,448.0,9.0,6.0,vegetable
478,"Mushrooms, brown, italian, or crimini, raw",22.0,2.5,0.1,4.3,92.1,0.98,0.6,448.0,9.0,6.0,vegetable
480,"Mushrooms, Chanterelle, raw",32.0,1.49,0.53,6.86,89.8,1.26,3.8,506.0,13.0,9.0,vegetable
481,"Mushrooms, enoki, raw",37.0,2.66,0.29,7.81,88.3,0.91,2.7,359.0,16.0,3.0,vegetable
482,"Mushrooms, maitake, raw",31.0,1.94,0.19,6.97,90.4,0.53,2.7,204.0,10.0,1.0,vegetable
483,"Mushrooms, morel, raw",31.0,3.12,0.57,5.1,89.6,1.58,2.8,411.0,19.0,21.0,vegetable
484,"Mushrooms, oyster, raw",33.0,3.31,0.41,6.09,89.2,1.01,2.3,420.0,18.0,18.0,vegetable
486,"Mushrooms, portabella, exposed to ultraviolet light, raw",22.0,2.11,0.35,3.87,92.8,0.85,1.3,364.0,10.0,9.0,vegetable
488,"Mushrooms, portabella, raw",22.0,2.11,0.35,3.87,92.8,0.85,1.3,364.0,,9.0,vegetable
489,"Mushrooms, shiitake, cooked, with salt",56.0,1.56,0.22,14.4,83.5,0.35,2.1,117.0,14.0,240.0,vegetable
490,"Mushrooms, shiitake, cooked, without salt",56.0,1.56,0.22,14.4,83.5,0.35,2.1,117.0,14.0,4.0,vegetable
492,"Mushrooms, shiitake, raw",34.0,2.24,0.49,6.79,89.7,0.73,2.5,304.0,20.0,9.0,vegetable
495,"Mushrooms, white, cooked, boiled, drained, with salt",28.0,2.17,0.47,5.29,91.1,0.99,2.2,356.0,12.0,238.0,vegetable
496,"Mushrooms, white, cooked, boiled, drained, without salt",28.0,2.17,0.47,5.29,91.1,0.99,2.2,356.0,12.0,2.0,vegetable
498,"Mushrooms, white, raw",22.0,3.09,0.34,3.26,92.4,0.85,1.0,318.0,9.0,5.0,vegetable
500,"Mustard greens, cooked, boiled, drained, with salt",26.0,2.56,0.47,4.51,91.8,0.69,2.0,162.0,13.0,252.0,vegetable
501,"Mustard greens, cooked, boiled, drained, without salt",26.0,2.56,0.47,4.51,91.8,0.69,2.0,162.0,13.0,9.0,vegetable
502,"Mustard greens, frozen, cooked, boiled, drained, with salt",19.0,2.27,0.25,3.11,93.8,0.57,2.8,139.0,13.0,261.0,vegetable
503,"Mustard greens, frozen, cooked, boiled, drained, without salt",19.0,2.27,0.25,3.11,93.8,0.57,2.8,139.0,13.0,25.0,vegetable
505,"Mustard greens, raw",27.0,2.86,0.42,4.67,90.7,1.36,3.2,384.0,32.0,20.0,vegetable
506,"Mustard spinach, (tendergreen), cooked, boiled, drained, with salt",16.0,1.7,0.2,2.8,94.5,0.8,2.0,285.0,7.0,250.0,vegetable
507,"Mustard spinach, (tendergreen), cooked, boiled, drained, without salt",16.0,1.7,0.2,2.8,94.5,0.8,2.0,285.0,7.0,14.0,vegetable
508,"Mustard spinach, (tendergreen), raw",22.0,2.2,0.3,3.9,92.2,1.4,2.8,449.0,11.0,21.0,vegetable
509,"New zealand spinach, cooked, boiled, drained, with salt",12.0,1.3,0.17,2.13,94.8,1.6,1.4,102.0,32.0,343.0,vegetable
510,"New Zealand spinach, cooked, boiled, drained, without salt",12.0,1.3,0.17,2.13,94.8,1.6,1.4,102.0,32.0,107.0,vegetable
511,"New Zealand spinach, raw",14.0,1.5,0.2,2.5,94.0,1.8,1.5,130.0,39.0,130.0,vegetable
512,"Nopales, cooked, without salt",15.0,1.35,0.05,3.28,94.3,1.01,2.0,195.0,47.0,20.0,vegetable
513,"Nopales, raw",16.0,1.32,0.09,3.33,94.1,1.14,2.2,257.0,52.0,21.0,vegetable
514,"Okra, cooked, boiled, drained, with salt",22.0,1.87,0.21,4.51,92.6,0.84,2.5,135.0,36.0,241.0,vegetable
515,"Okra, cooked, boiled, drained, without salt",22.0,1.87,0.21,4.51,92.6,0.84,2.5,135.0,36.0,6.0,vegetable
516,"Okra, frozen, cooked, boiled, drained, with salt",29.0,1.63,0.24,6.41,91.1,0.59,2.1,184.0,40.0,239.0,vegetable
517,"Okra, frozen, cooked, boiled, drained, without salt",29.0,1.63,0.24,6.41,91.1,0.59,2.1,184.0,40.0,3.0,vegetable
519,"Okra, raw",33.0,1.93,0.19,7.45,89.6,0.86,3.2,299.0,57.0,7.0,vegetable
523,"Onions, cooked, boiled, drained, with salt",42.0,1.36,0.19,9.56,87.9,1.03,1.4,166.0,11.0,239.0,vegetable
524,"Onions, cooked, boiled, drained, without salt",44.0,1.36,0.19,10.2,87.9,0.44,1.4,166.0,11.0,3.0,vegetable
526,"Onions, frozen, chopped, cooked, boiled, drained, with salt",26.0,0.77,0.1,6.0,92.2,0.89,1.7,108.0,6.0,248.0,vegetable
527,"Onions, frozen, chopped, cooked, boiled, drained, without salt",28.0,0.77,0.1,6.59,92.2,0.3,1.8,108.0,6.0,12.0,vegetable
529,"Onions, frozen, whole, cooked, boiled, drained, with salt",26.0,0.71,0.05,6.11,92.2,0.89,1.4,101.0,8.0,244.0,vegetable
530,"Onions, frozen, whole, cooked, boiled, drained, without salt",28.0,0.71,0.05,6.7,92.2,0.3,1.4,101.0,8.0,8.0,vegetable
532,"Onions, raw",40.0,1.1,0.1,9.34,89.1,0.35,1.7,146.0,10.0,4.0,vegetable
533,"Onions, spring or scallions (includes tops and bulb), raw",32.0,1.83,0.19,7.34,89.8,0.81,2.6,276.0,20.0,16.0,vegetable
534,"Onions, sweet, raw",32.0,0.8,0.08,7.55,91.2,0.34,0.9,119.0,9.0,8.0,vegetable
535,"Onions, welsh, raw",34.0,1.9,0.4,6.5,90.5,0.7,2.4,212.0,23.0,17.0,vegetable
540,"Parsnips, cooked, boiled, drained, with salt",71.0,1.32,0.3,17.0,80.2,1.13,4.0,367.0,29.0,246.0,vegetable
541,"Parsnips, cooked, boiled, drained, without salt",71.0,1.32,0.3,17.0,80.2,1.13,3.6,367.0,29.0,10.0,vegetable
542,"Parsnips, raw",75.0,1.2,0.3,18.0,79.5,0.98,4.9,375.0,29.0,10.0,vegetable
545,"Peas and carrots, frozen, cooked, boiled, drained, with salt",48.0,3.09,0.42,10.1,85.8,0.57,3.1,158.0,16.0,304.0,vegetable
546,"Peas and carrots, frozen, cooked, boiled, drained, without salt",48.0,3.09,0.42,10.1,85.8,0.57,3.1,158.0,16.0,68.0,vegetable
549,"Peas and onions, frozen, cooked, boiled, drained, with salt",45.0,2.54,0.2,8.63,88.2,0.45,2.2,117.0,13.0,273.0,vegetable
550,"Peas and onions, frozen, cooked, boiled, drained, without salt",45.0,2.54,0.2,8.63,88.2,0.45,2.2,117.0,13.0,37.0,vegetable
553,"Peas, edible-podded, cooked, boiled, drained, with salt",40.0,3.27,0.23,6.46,88.9,1.13,2.8,240.0,26.0,240.0,vegetable
554,"Peas, edible-podded, frozen, cooked, boiled, drained, with salt",50.0,3.5,0.38,8.43,86.6,1.09,3.1,217.0,28.0,241.0,vegetable
555,"Peas, edible-podded, frozen, cooked, boiled, drained, without salt",52.0,3.5,0.38,9.02,86.6,0.5,3.1,217.0,28.0,5.0,vegetable
557,"Peas, edible-podded, raw",42.0,2.8,0.2,7.55,88.9,0.56,2.6,200.0,24.0,4.0,vegetable
564,"Peas, green, cooked, boiled, drained, with salt",84.0,5.36,0.22,15.6,77.9,0.92,5.5,271.0,39.0,239.0,vegetable
565,"Peas, green, cooked, boiled, drained, without salt",84.0,5.36,0.22,15.6,77.9,0.92,5.5,271.0,39.0,3.0,vegetable
566,"Peas, green, frozen, cooked, boiled, drained, with salt",78.0,5.15,0.27,14.3,79.5,0.8,4.5,110.0,22.0,323.0,vegetable
567,"Peas, green, frozen, cooked, boiled, drained, without salt",78.0,5.15,0.27,14.3,79.5,0.8,4.5,110.0,22.0,72.0,vegetable
569,"Peas, green, raw",81.0,5.42,0.4,14.4,78.9,0.87,5.7,244.0,33.0,5.0,vegetable
570,"Peas, mature seeds, sprouted, cooked, boiled, drained, with salt",98.0,7.05,0.51,17.1,74.4,0.99,,268.0,41.0,239.0,vegetable
571,"Peas, mature seeds, sprouted, cooked, boiled, drained, without salt",98.0,7.05,0.51,17.1,74.4,0.99,,268.0,41.0,3.0,vegetable
572,"Peas, mature seeds, sprouted, raw",124.0,8.8,0.68,27.1,62.3,1.14,,381.0,56.0,20.0,vegetable
574,"Pepper, banana, raw",27.0,1.66,0.45,5.35,91.8,0.73,3.4,256.0,17.0,13.0,vegetable
579,"Peppers, hot chili, green, raw",40.0,2.0,0.2,9.46,87.7,0.6,1.5,340.0,25.0,7.0,vegetable
581,"Peppers, hot chili, red, raw",40.0,1.87,0.44,8.81,88.0,0.87,1.5,322.0,23.0,9.0,vegetable
583,"Peppers, hungarian, raw",29.0,0.8,0.41,6.7,91.5,0.58,1.0,202.0,16.0,1.0,vegetable
585,"Peppers, jalapeno, raw",29.0,0.91,0.37,6.5,91.7,0.53,2.8,248.0,15.0,3.0,vegetable
587,"Peppers, serrano, raw",32.0,1.74,0.44,6.7,90.2,0.87,3.7,305.0,22.0,10.0,vegetable
589,"Peppers, sweet, green, cooked, boiled, drained, with salt",26.0,0.92,0.2,6.11,91.9,0.9,1.2,166.0,10.0,238.0,vegetable
590,"Peppers, sweet, green, cooked, boiled, drained, without salt",28.0,0.92,0.2,6.7,91.9,0.31,1.2,166.0,10.0,2.0,vegetable
592,"Peppers, sweet, green, frozen, chopped, cooked, boiled, drained, with salt",16.0,0.95,0.18,3.31,94.7,0.86,0.9,72.0,7.0,240.0,vegetable
594,"Peppers, sweet, green, raw",20.0,0.86,0.17,4.64,93.9,0.43,1.7,175.0,10.0,3.0,vegetable
597,"Peppers, sweet, red, cooked, boiled, drained, with salt",26.0,0.92,0.2,6.11,91.9,0.9,1.2,166.0,10.0,238.0,vegetable
598,"Peppers, sweet, red, cooked, boiled, drained, without salt",28.0,0.92,0.2,6.7,91.9,0.31,1.2,166.0,10.0,2.0,vegetable
603,"Peppers, sweet, red, raw",26.0,0.99,0.3,6.03,92.2,0.47,2.1,211.0,12.0,4.0,vegetable
605,"Peppers, sweet, yellow, raw",27.0,1.0,0.21,6.32,92.0,0.45,0.9,212.0,12.0,2.0,vegetable
616,"Pigeonpeas, immature seeds, cooked, boiled, drained, with salt",111.0,5.96,1.36,19.5,71.8,1.39,4.2,456.0,40.0,240.0,vegetable
617,"Pigeonpeas, immature seeds, cooked, boiled, drained, without salt",111.0,5.96,1.36,19.5,71.8,1.39,4.2,456.0,40.0,5.0,vegetable
618,"Pigeonpeas, immature seeds, raw",136.0,7.2,1.64,23.9,65.9,1.4,5.1,552.0,68.0,5.0,vegetable
621,"Pokeberry shoots, (poke), cooked, boiled, drained, with salt",20.0,2.3,0.4,3.1,92.9,1.3,1.5,184.0,14.0,254.0,vegetable
622,"Pokeberry shoots, (poke), cooked, boiled, drained, without salt",20.0,2.3,0.4,3.1,92.9,1.3,1.5,184.0,14.0,18.0,vegetable
623,"Pokeberry shoots, (poke), raw",23.0,2.6,0.4,3.7,91.6,1.7,1.7,242.0,18.0,23.0,vegetable
640,"Potatoes, boiled, cooked in skin, flesh, with salt",87.0,1.87,0.1,20.1,77.0,0.92,2.0,379.0,22.0,240.0,vegetable
641,"Potatoes, boiled, cooked in skin, flesh, without salt",87.0,1.87,0.1,20.1,77.0,0.92,1.8,379.0,22.0,4.0,vegetable
642,"Potatoes, boiled, cooked in skin, skin, with salt",78.0,2.86,0.1,17.2,77.8,2.04,3.3,407.0,30.0,250.0,vegetable
643,"Potatoes, boiled, cooked in skin, skin, without salt",78.0,2.86,0.1,17.2,77.8,2.04,3.3,407.0,30.0,14.0,vegetable
644,"Potatoes, boiled, cooked without skin, flesh, with salt",86.0,1.71,0.1,20.0,77.5,0.72,2.0,328.0,20.0,241.0,vegetable
645,"Potatoes, boiled, cooked without skin, flesh, without salt",86.0,1.71,0.1,20.0,77.5,0.72,1.8,328.0,20.0,5.0,vegetable
649,"Potatoes, flesh and skin, raw",77.0,2.05,0.09,17.5,79.2,1.11,2.1,425.0,23.0,6.0,vegetable
668,"Potatoes, frozen, whole, cooked, boiled, drained, with salt",63.0,1.98,0.13,13.9,82.8,1.16,1.4,287.0,11.0,256.0,vegetable
669,"Potatoes, frozen, whole, cooked, boiled, drained, without salt",65.0,1.98,0.13,14.5,82.8,0.57,1.4,287.0,11.0,20.0,vegetable
689,"Potatoes, microwaved, cooked in skin, flesh and skin, without salt",105.0,2.44,0.1,24.2,72.0,1.18,2.3,447.0,27.0,8.0,vegetable
690,"Potatoes, microwaved, cooked in skin, flesh, with salt",100.0,2.1,0.1,23.3,73.6,0.97,1.6,411.0,25.0,243.0,vegetable
691,"Potatoes, microwaved, cooked in skin, flesh, without salt",100.0,2.1,0.1,23.3,73.6,0.97,1.6,411.0,25.0,7.0,vegetable
692,"Potatoes, microwaved, cooked in skin, skin, without salt",132.0,4.39,0.1,29.6,63.5,2.38,5.5,650.0,37.0,16.0,vegetable
693,"Potatoes, microwaved, cooked, in skin, flesh and skin, with salt",105.0,2.44,0.1,24.2,72.0,1.18,2.3,447.0,27.0,244.0,vegetable
694,"Potatoes, microwaved, cooked, in skin, skin with salt",132.0,4.39,0.1,29.6,63.5,2.38,5.5,650.0,37.0,252.0,vegetable
698,"Potatoes, raw, skin",58.0,2.57,0.1,12.4,83.3,1.61,2.5,413.0,23.0,10.0,vegetable
700,"Potatoes, red, flesh and skin, raw",70.0,1.89,0.14,15.9,81.0,1.1,1.7,455.0,22.0,18.0,vegetable
703,"Potatoes, russet, flesh and skin, raw (Includes foods for USDA's Food Distribution Program)",79.0,2.14,0.08,18.1,78.6,1.13,1.3,417.0,23.0,5.0,vegetable
709,"Potatoes, white, flesh and skin, raw",69.0,1.68,0.1,15.7,81.6,0.94,2.4,407.0,21.0,16.0,vegetable
713,"Pumpkin flowers, cooked, boiled, drained, without salt",15.0,1.09,0.08,3.3,95.2,0.33,0.9,106.0,25.0,6.0,vegetable
714,"Pumpkin flowers, raw",15.0,1.03,0.07,3.28,95.2,0.48,,173.0,24.0,5.0,vegetable
715,"Pumpkin leaves, cooked, boiled, drained, with salt",21.0,2.72,0.22,3.39,92.5,1.16,2.7,438.0,38.0,244.0,vegetable
716,"Pumpkin leaves, cooked, boiled, drained, without salt",21.0,2.72,0.22,3.39,92.5,1.16,2.7,438.0,38.0,8.0,vegetable
717,"Pumpkin leaves, raw",19.0,3.15,0.4,2.33,92.9,1.24,,436.0,38.0,11.0,vegetable
721,"Pumpkin, cooked, boiled, drained, with salt",18.0,0.72,0.07,4.31,93.7,1.21,1.1,230.0,9.0,237.0,vegetable
722,"Pumpkin, cooked, boiled, drained, without salt",20.0,0.72,0.07,4.9,93.7,0.62,1.1,230.0,9.0,1.0,vegetable
723,"Pumpkin, flowers, cooked, boiled, drained, with salt",15.0,1.09,0.08,3.18,95.2,0.45,0.9,106.0,25.0,242.0,vegetable
724,"Pumpkin, raw",26.0,1.0,0.1,6.5,91.6,0.8,0.5,340.0,12.0,1.0,vegetable
725,"Purslane, cooked, boiled, drained, with salt",18.0,1.49,0.19,3.55,93.5,1.25,,488.0,67.0,280.0,vegetable
726,"Purslane, cooked, boiled, drained, without salt",18.0,1.49,0.19,3.55,93.5,1.25,,488.0,67.0,44.0,vegetable
727,"Purslane, raw",20.0,2.03,0.36,3.39,92.9,1.36,,494.0,68.0,45.0,vegetable
728,"Radicchio, raw",23.0,1.43,0.25,4.48,93.1,0.7,0.9,302.0,13.0,22.0,vegetable
729,"Radish seeds, sprouted, raw",43.0,3.81,2.53,3.6,90.1,0.53,,86.0,44.0,6.0,vegetable
731,"Radishes, oriental, cooked, boiled, drained, with salt",17.0,0.67,0.24,3.43,95.0,0.62,1.6,285.0,9.0,249.0,vegetable
732,"Radishes, oriental, cooked, boiled, drained, without salt",17.0,0.67,0.24,3.43,95.0,0.62,1.6,285.0,9.0,13.0,vegetable
734,"Radishes, oriental, raw",18.0,0.6,0.1,4.1,94.6,0.58,1.6,227.0,16.0,21.0,vegetable
735,"Radishes, raw",16.0,0.68,0.1,3.4,95.3,0.55,1.6,233.0,10.0,39.0,vegetable
736,"Radishes, white icicle, raw",14.0,1.1,0.1,2.63,95.4,0.8,1.4,280.0,9.0,16.0,vegetable
737,"Rutabagas, cooked, boiled, drained, with salt",30.0,0.93,0.18,6.84,91.5,0.51,1.8,216.0,10.0,254.0,vegetable
738,"Rutabagas, cooked, boiled, drained, without salt",30.0,0.93,0.18,6.84,91.5,0.51,1.8,216.0,10.0,5.0,vegetable
739,"Rutabagas, raw",37.0,1.08,0.16,8.62,89.4,0.71,2.3,305.0,20.0,12.0,vegetable
740,"Salsify, cooked, boiled, drained, with salt",68.0,2.73,0.17,15.4,81.0,0.74,3.1,283.0,18.0,252.0,vegetable
741,"Salsify, cooked, boiled, drained, without salt",68.0,2.73,0.17,15.4,81.0,0.74,3.1,283.0,18.0,16.0,vegetable
744,"Seaweed, agar, raw",26.0,0.54,0.03,6.75,91.3,1.36,0.5,226.0,67.0,9.0,vegetable
747,"Seaweed, irishmoss, raw",49.0,1.51,0.16,12.3,81.3,4.7,1.3,63.0,144.0,67.0,vegetable
748,"Seaweed, kelp, raw",43.0,1.68,0.56,9.57,81.6,6.61,1.3,89.0,121.0,233.0,vegetable
749,"Seaweed, laver, raw",35.0,5.81,0.28,5.11,85.0,3.77,0.3,356.0,2.0,48.0,vegetable
751,"Seaweed, spirulina, raw",26.0,5.92,0.39,2.42,90.7,0.6,0.4,127.0,19.0,98.0,vegetable
752,"Seaweed, wakame, raw",45.0,3.03,0.64,9.14,80.0,7.2,0.5,50.0,107.0,872.0,vegetable
753,"Sesbania flower, cooked, steamed, with salt",21.0,1.14,0.05,5.1,93.3,0.41,,107.0,12.0,247.0,vegetable
754,"Sesbania flower, cooked, steamed, without salt",22.0,1.14,0.05,5.23,93.3,0.28,,107.0,12.0,11.0,vegetable
755,"Sesbania flower, raw",27.0,1.28,0.04,6.73,91.6,0.38,,184.0,12.0,15.0,vegetable
757,"Shallots, raw",72.0,2.5,0.1,16.8,79.8,0.8,3.2,334.0,21.0,12.0,vegetable
758,"Soybeans, green, cooked, boiled, drained, with salt",141.0,12.4,6.4,11.0,68.6,1.6,4.2,539.0,60.0,250.0,vegetable
759,"Soybeans, green, cooked, boiled, drained, without salt",141.0,12.4,6.4,11.0,68.6,1.6,4.2,539.0,60.0,14.0,vegetable
760,"Soybeans, green, raw",147.0,13.0,6.8,11.0,67.5,1.7,4.2,620.0,65.0,15.0,vegetable
761,"Soybeans, mature seeds, sprouted, cooked, steamed",81.0,8.47,4.45,6.53,79.4,1.1,0.8,355.0,60.0,10.0,vegetable
762,"Soybeans, mature seeds, sprouted, cooked, steamed, with salt",81.0,8.47,4.45,6.53,79.4,1.1,0.8,355.0,60.0,246.0,vegetable
763,"Soybeans, mature seeds, sprouted, cooked, stir-fried",125.0,13.1,7.1,9.4,67.2,3.2,0.8,567.0,96.0,14.0,vegetable
764,"Soybeans, mature seeds, sprouted, cooked, stir-fried, with salt",125.0,13.1,7.1,9.4,67.2,3.2,0.8,567.0,96.0,250.0,vegetable
765,"Soybeans, mature seeds, sprouted, raw",122.0,13.1,6.7,9.57,69.0,1.59,1.1,484.0,72.0,14.0,vegetable
770,"Spinach, cooked, boiled, drained, with salt",23.0,2.97,0.26,3.75,91.2,1.81,2.4,466.0,87.0,306.0,vegetable
771,"Spinach, cooked, boiled, drained, without salt",23.0,2.97,0.26,3.75,91.2,1.81,2.4,466.0,87.0,70.0,vegetable
772,"Spinach, frozen, chopped or leaf, cooked, boiled, drained, with salt",34.0,4.01,0.87,4.8,88.9,1.39,3.7,302.0,82.0,322.0,vegetable
773,"Spinach, frozen, chopped or leaf, cooked, boiled, drained, without salt",34.0,4.01,0.87,4.8,88.9,1.39,3.7,302.0,82.0,97.0,vegetable
775,"Spinach, raw",23.0,2.86,0.39,3.63,91.4,1.72,2.2,558.0,79.0,79.0,vegetable
776,"Squash, summer, all varieties, cooked, boiled, drained, with salt",20.0,0.91,0.31,4.31,93.7,0.77,1.4,192.0,24.0,237.0,vegetable
777,"Squash, summer, all varieties, cooked, boiled, drained, without salt",20.0,0.91,0.31,4.31,93.7,0.77,1.4,192.0,24.0,1.0,vegetable
778,"Squash, summer, all varieties, raw",16.0,1.21,0.18,3.35,94.6,0.62,1.1,262.0,17.0,2.0,vegetable
780,"Squash, summer, crookneck and straightneck, cooked, boiled, drained, with salt",19.0,1.04,0.39,3.79,94.2,0.53,1.1,177.0,16.0,237.0,vegetable
781,"Squash, summer, crookneck and straightneck, cooked, boiled, drained, without salt",19.0,1.04,0.39,3.79,94.2,0.53,1.1,177.0,16.0,1.0,vegetable
782,"Squash, summer, crookneck and straightneck, frozen, cooked, boiled, drained, with salt",25.0,1.28,0.2,5.54,92.2,0.74,1.4,253.0,27.0,242.0,vegetable
783,"Squash, summer, crookneck and straightneck, frozen, cooked, boiled, drained, without salt",25.0,1.28,0.2,5.54,92.2,0.74,1.4,253.0,27.0,6.0,vegetable
785,"Squash, summer, crookneck and straightneck, raw",19.0,1.01,0.27,3.88,94.3,0.56,1.0,222.0,20.0,2.0,vegetable
786,"Squash, summer, scallop, cooked, boiled, drained, with salt",16.0,1.03,0.17,3.3,95.0,0.5,1.9,140.0,19.0,237.0,vegetable
787,"Squash, summer, scallop, cooked, boiled, drained, without salt",16.0,1.03,0.17,3.3,95.0,0.5,1.9,140.0,19.0,1.0,vegetable
788,"Squash, summer, scallop, raw",18.0,1.2,0.2,3.84,94.2,0.58,1.2,182.0,23.0,1.0,vegetable
789,"Squash, summer, zucchini, includes skin, cooked, boiled, drained, with salt",15.0,1.14,0.36,2.69,95.2,0.59,1.0,264.0,19.0,239.0,vegetable
790,"Squash, summer, zucchini, includes skin, cooked, boiled, drained, without salt",15.0,1.14,0.36,2.69,95.2,0.59,1.0,264.0,19.0,3.0,vegetable
791,"Squash, summer, zucchini, includes skin, frozen, cooked, boiled, drained, with salt",14.0,1.15,0.13,2.97,94.7,1.01,1.3,194.0,13.0,238.0,vegetable
792,"Squash, summer, zucchini, includes skin, frozen, cooked, boiled, drained, without salt",17.0,1.15,0.13,3.56,94.7,0.42,1.3,194.0,13.0,2.0,vegetable
794,"Squash, summer, zucchini, includes skin, raw",17.0,1.21,0.32,3.11,94.8,0.58,1.0,261.0,18.0,8.0,vegetable
796,"Squash, winter, acorn, cooked, baked, with salt",56.0,1.12,0.14,14.6,82.9,1.26,4.4,437.0,43.0,240.0,vegetable
797,"Squash, winter, acorn, cooked, baked, without salt",56.0,1.12,0.14,14.6,82.9,1.26,4.4,437.0,43.0,4.0,vegetable
798,"Squash, winter, acorn, cooked, boiled, mashed, with salt",34.0,0.67,0.08,8.79,89.7,0.76,2.6,263.0,26.0,239.0,vegetable
799,"Squash, winter, acorn, cooked, boiled, mashed, without salt",34.0,0.67,0.08,8.79,89.7,0.76,2.6,263.0,26.0,3.0,vegetable
800,"Squash, winter, acorn, raw",40.0,0.8,0.1,10.4,87.8,0.9,1.5,347.0,32.0,3.0,vegetable
801,"Squash, winter, all varieties, cooked, baked, with salt",37.0,0.89,0.35,8.85,89.2,0.69,2.8,241.0,13.0,237.0,vegetable
802,"Squash, winter, all varieties, cooked, baked, without salt",37.0,0.89,0.35,8.85,89.2,0.69,2.8,241.0,13.0,1.0,vegetable
803,"Squash, winter, all varieties, raw",34.0,0.95,0.13,8.59,89.8,0.57,1.5,350.0,14.0,4.0,vegetable
804,"Squash, winter, butternut, cooked, baked, with salt",40.0,0.9,0.09,10.5,87.8,0.72,3.2,284.0,29.0,240.0,vegetable
805,"Squash, winter, butternut, cooked, baked, without salt",40.0,0.9,0.09,10.5,87.8,0.72,3.2,284.0,29.0,4.0,vegetable
806,"Squash, winter, butternut, frozen, cooked, boiled, with salt",39.0,1.23,0.07,10.0,87.8,0.86,,133.0,9.0,238.0,vegetable
807,"Squash, winter, butternut, frozen, cooked, boiled, without salt",39.0,1.23,0.07,10.0,87.8,0.86,,133.0,9.0,2.0,vegetable
809,"Squash, winter, butternut, raw",45.0,1.0,0.1,11.7,86.4,0.8,2.0,352.0,34.0,4.0,vegetable
812,"Squash, winter, hubbard, cooked, boiled, mashed, with salt",30.0,1.48,0.37,6.46,91.1,0.59,2.9,214.0,13.0,241.0,vegetable
813,"Squash, winter, hubbard, cooked, boiled, mashed, without salt",30.0,1.48,0.37,6.46,91.1,0.59,2.9,214.0,13.0,5.0,vegetable
814,"Squash, winter, hubbard, raw",40.0,2.0,0.5,8.7,88.0,0.8,3.9,320.0,19.0,7.0,vegetable
815,"Squash, winter, spaghetti, cooked, boiled, drained, or baked, with salt",27.0,0.66,0.26,6.46,92.3,0.32,1.4,117.0,11.0,254.0,vegetable
816,"Squash, winter, spaghetti, cooked, boiled, drained, or baked, without salt",27.0,0.66,0.26,6.46,92.3,0.32,1.4,117.0,11.0,18.0,vegetable
817,"Squash, winter, spaghetti, raw",31.0,0.64,0.57,6.91,91.6,0.28,1.5,108.0,12.0,17.0,vegetable
818,"Squash, zucchini, baby, raw",21.0,2.71,0.4,3.11,92.7,1.05,1.1,459.0,33.0,3.0,vegetable
821,"Succotash, (corn and limas), cooked, boiled, drained, with salt",111.0,5.07,0.8,24.4,68.4,1.39,,410.0,53.0,253.0,vegetable
822,"Succotash, (corn and limas), cooked, boiled, drained, without salt",115.0,5.07,0.8,24.4,68.4,1.39,4.5,410.0,53.0,17.0,vegetable
823,"Succotash, (corn and limas), frozen, cooked, boiled, drained, with salt",93.0,4.31,0.89,20.0,74.1,0.75,4.1,265.0,23.0,281.0,vegetable
824,"Succotash, (corn and limas), frozen, cooked, boiled, drained, without salt",93.0,4.31,0.89,20.0,74.1,0.75,4.1,265.0,23.0,45.0,vegetable
826,"Succotash, (corn and limas), raw",99.0,5.03,1.02,19.6,73.1,1.26,3.8,369.0,48.0,4.0,vegetable
827,"Sweet potato leaves, cooked, steamed, with salt",35.0,2.18,0.34,7.38,89.2,0.89,1.9,312.0,48.0,249.0,vegetable
828,"Sweet potato leaves, cooked, steamed, without salt",35.0,2.18,0.34,7.38,89.2,0.89,1.9,312.0,48.0,7.0,vegetable
829,"Sweet potato leaves, raw",42.0,2.49,0.51,8.82,86.8,1.36,5.3,508.0,70.0,6.0,vegetable
835,"Sweet potato, cooked, baked in skin, flesh, with salt",90.0,2.01,0.15,20.7,75.8,1.35,3.3,475.0,27.0,246.0,vegetable
836,"Sweet potato, cooked, baked in skin, flesh, without salt",90.0,2.01,0.15,20.7,75.8,1.35,3.3,475.0,27.0,36.0,vegetable
837,"Sweet potato, cooked, boiled, without skin",76.0,1.37,0.14,17.7,80.1,0.63,2.5,230.0,18.0,27.0,vegetable
838,"Sweet potato, cooked, boiled, without skin, with salt",76.0,1.37,0.14,17.7,80.1,0.63,2.5,230.0,18.0,263.0,vegetable
839,"Sweet potato, cooked, candied, home-prepared",164.0,0.89,3.54,32.1,62.8,0.69,2.1,178.0,13.0,119.0,vegetable
840,"Sweet potato, frozen, cooked, baked, with salt",100.0,1.71,0.12,23.4,73.7,1.07,1.8,377.0,21.0,244.0,vegetable
841,"Sweet potato, frozen, cooked, baked, without salt",100.0,1.71,0.12,23.4,73.7,1.07,1.8,377.0,21.0,8.0,vegetable
843,"Sweet potato, raw, unprepared (Includes foods for USDA's Food Distribution Program)",86.0,1.57,0.05,20.1,77.3,0.99,3.0,337.0,25.0,55.0,vegetable
846,"Taro leaves, cooked, steamed, without salt",24.0,2.72,0.41,4.02,92.2,0.7,2.0,460.0,20.0,2.0,vegetable
847,"Taro leaves, raw",42.0,4.98,0.74,6.7,85.7,1.92,3.7,648.0,45.0,3.0,vegetable
848,"Taro shoots, cooked, without salt",14.0,0.73,0.08,3.2,95.3,0.7,,344.0,8.0,2.0,vegetable
849,"Taro shoots, raw",11.0,0.92,0.09,2.32,95.8,0.85,,332.0,8.0,1.0,vegetable
850,"Taro, cooked, with salt",142.0,0.52,0.11,34.6,63.8,0.97,5.1,484.0,30.0,251.0,vegetable
851,"Taro, cooked, without salt",142.0,0.52,0.11,34.6,63.8,0.97,5.1,484.0,30.0,15.0,vegetable
852,"Taro, leaves, cooked, steamed, with salt",24.0,2.72,0.41,3.89,92.2,0.83,2.0,460.0,20.0,238.0,vegetable
853,"Taro, raw",112.0,1.5,0.2,26.5,70.6,1.2,4.1,591.0,33.0,11.0,vegetable
854,"Taro, shoots, cooked, with salt",14.0,0.73,0.08,3.19,95.3,0.7,,344.0,8.0,238.0,vegetable
855,"Taro, tahitian, cooked, with salt",44.0,4.16,0.68,6.85,86.5,1.85,,623.0,51.0,290.0,vegetable
856,"Taro, tahitian, cooked, without salt",44.0,4.16,0.68,6.85,86.5,1.85,,623.0,51.0,54.0,vegetable
857,"Taro, tahitian, raw",44.0,2.79,0.97,6.91,88.0,1.38,,606.0,47.0,50.0,vegetable
858,"Tomatillos, raw",32.0,0.96,1.02,5.84,91.6,0.55,1.9,268.0,20.0,1.0,vegetable
874,"Tomatoes, green, raw",23.0,1.2,0.2,5.1,93.0,0.5,1.1,204.0,10.0,13.0,vegetable
875,"Tomatoes, orange, raw",16.0,1.16,0.19,3.18,94.8,0.69,0.9,212.0,8.0,42.0,vegetable
880,"Tomatoes, red, ripe, cooked",18.0,0.95,0.11,4.01,94.3,0.6,0.7,218.0,9.0,11.0,vegetable
881,"Tomatoes, red, ripe, cooked, stewed",79.0,1.96,2.68,13.0,80.6,1.68,1.7,247.0,15.0,455.0,vegetable
882,"Tomatoes, red, ripe, cooked, with salt",18.0,0.95,0.11,4.01,94.3,0.6,0.7,218.0,9.0,247.0,vegetable
883,"Tomatoes, red, ripe, raw, year round average",18.0,0.88,0.2,3.89,94.5,0.5,1.2,237.0,11.0,5.0,vegetable
886,"Tomatoes, yellow, raw",15.0,0.98,0.26,2.98,95.3,0.5,0.7,258.0,12.0,23.0,vegetable
887,"Tree fern, cooked, with salt",40.0,0.29,0.07,10.8,88.6,0.26,3.7,5.0,5.0,241.0,vegetable
888,"Tree fern, cooked, without salt",40.0,0.29,0.07,11.0,88.6,0.06,3.7,5.0,5.0,5.0,vegetable
889,"Turnip greens and turnips, frozen, cooked, boiled, drained, with salt",34.0,2.99,0.38,4.74,91.0,0.85,3.1,216.0,24.0,255.0,vegetable
890,"Turnip greens and turnips, frozen, cooked, boiled, drained, without salt",35.0,2.99,0.38,4.85,91.0,0.74,3.1,216.0,24.0,19.0,vegetable
894,"Turnip greens, cooked, boiled, drained, with salt",20.0,1.14,0.23,4.36,93.2,1.07,3.5,203.0,22.0,265.0,vegetable
895,"Turnip greens, cooked, boiled, drained, without salt",20.0,1.14,0.23,4.36,93.2,1.07,3.5,203.0,22.0,29.0,vegetable
896,"Turnip greens, frozen, cooked, boiled, drained, with salt",29.0,3.35,0.42,4.98,90.4,0.85,3.4,224.0,26.0,251.0,vegetable
897,"Turnip greens, frozen, cooked, boiled, drained, without salt",29.0,3.35,0.42,4.98,90.4,0.85,3.4,224.0,26.0,15.0,vegetable
899,"Turnip greens, raw",32.0,1.5,0.3,7.13,89.7,1.4,3.2,296.0,31.0,40.0,vegetable
900,"Turnips, cooked, boiled, drained, with salt",22.0,0.71,0.08,5.06,93.6,0.55,2.0,135.0,8.0,286.0,vegetable
901,"Turnips, cooked, boiled, drained, without salt",22.0,0.71,0.08,5.06,93.6,0.55,2.0,177.0,9.0,16.0,vegetable
902,"Turnips, frozen, cooked, boiled, drained, with salt",21.0,1.53,0.24,3.73,93.6,0.9,2.0,182.0,14.0,272.0,vegetable
903,"Turnips, frozen, cooked, boiled, drained, without salt",23.0,1.53,0.24,4.35,93.6,0.28,2.0,182.0,14.0,36.0,vegetable
905,"Turnips, raw",28.0,0.9,0.1,6.43,91.9,0.7,1.8,191.0,11.0,67.0,vegetable
906,"Vinespinach, (basella), raw",19.0,1.8,0.3,3.4,93.1,1.4,,510.0,65.0,24.0,vegetable
907,"Wasabi, root, raw",109.0,4.8,0.63,23.5,69.1,1.92,7.8,568.0,69.0,17.0,vegetable
908,"Water convolvulus, cooked, boiled, drained, with salt",20.0,2.08,0.24,3.7,92.9,1.05,1.9,284.0,30.0,358.0,vegetable
909,"Water convolvulus, cooked, boiled, drained, without salt",20.0,2.08,0.24,3.7,92.9,1.05,1.9,284.0,30.0,122.0,vegetable
911,"Waterchestnuts, chinese, (matai), raw",97.0,1.4,0.1,23.9,73.5,1.1,3.0,584.0,22.0,14.0,vegetable
913,"Watercress, raw",11.0,2.3,0.1,1.29,95.1,1.2,0.5,330.0,21.0,41.0,vegetable
914,"Waxgourd, (chinese preserving melon), cooked, boiled, drained, with salt",11.0,0.4,0.2,2.45,96.1,0.89,1.0,5.0,10.0,343.0,vegetable
915,"Waxgourd, (chinese preserving melon), cooked, boiled, drained, without salt",14.0,0.4,0.2,3.04,96.1,0.3,1.0,5.0,10.0,107.0,vegetable
916,"Waxgourd, (chinese preserving melon), raw",13.0,0.4,0.2,3.0,96.1,0.3,2.9,6.0,10.0,111.0,vegetable
917,"Winged bean leaves, raw",74.0,5.85,1.1,14.1,76.8,2.1,,176.0,8.0,9.0,vegetable
918,"Winged bean tuber, raw",148.0,11.6,0.9,28.1,57.4,2.0,,586.0,24.0,35.0,vegetable
919,"Winged bean, immature seeds, cooked, boiled, drained, with salt",37.0,5.31,0.66,3.21,90.1,0.71,,274.0,30.0,240.0,vegetable
920,"Winged beans, immature seeds, cooked, boiled, drained, without salt",38.0,5.31,0.66,3.21,90.1,0.71,,274.0,30.0,4.0,vegetable
921,"Winged beans, immature seeds, raw",49.0,6.95,0.87,4.31,87.0,0.83,,223.0,34.0,4.0,vegetable
922,"Yam, cooked, boiled, drained, or baked, with salt",114.0,1.49,0.14,27.0,70.1,1.25,3.9,670.0,18.0,244.0,vegetable
923,"Yam, cooked, boiled, drained, or baked, without salt",116.0,1.49,0.14,27.5,70.1,0.76,3.9,670.0,18.0,8.0,vegetable
924,"Yam, raw",118.0,1.53,0.17,27.9,69.6,0.82,4.1,816.0,21.0,9.0,vegetable
925,"Yambean (jicama), cooked, boiled, drained, with salt",36.0,0.72,0.09,8.23,90.1,0.89,,135.0,11.0,242.0,vegetable
926,"Yambean (jicama), cooked, boiled, drained, without salt",38.0,0.72,0.09,8.82,90.1,0.3,,135.0,11.0,4.0,vegetable
927,"Yambean (jicama), raw",38.0,0.72,0.09,8.82,90.1,0.3,4.9,150.0,12.0,4.0,vegetable
928,"Yardlong bean, cooked, boiled, drained, with salt",47.0,2.53,0.1,9.17,87.5,0.73,,290.0,42.0,240.0,vegetable
929,"Yardlong bean, cooked, boiled, drained, without salt",47.0,2.53,0.1,9.18,87.5,0.73,,290.0,42.0,4.0,vegetable
930,"Yardlong bean, raw",47.0,2.8,0.4,8.35,87.8,0.6,,240.0,44.0,4.0,vegetable
931,"Yautia (tannier), raw",98.0,1.46,0.4,23.6,73.1,1.45,1.5,598.0,24.0,21.0,vegetable
