Description,Energy,Protein,Total lipid (fat),"Carbohydrate, by difference",Water,Ash,"Fiber, total dietary","Potassium, K","Magnesium, Mg","Sodium, Na"
Candied fruit,322.0,0.34,0.07,82.7,16.7,0.14,1.6,56.0,4.0,98.0
Fruit syrup,341.0,0.0,0.0,85.1,14.7,0.13,0.1,7.0,1.0,0.0
"Cake, coffeecake, fruit",311.0,5.2,10.2,51.5,31.7,1.2,2.5,90.0,17.0,385.0
"Chayote, fruit, raw",19.0,0.82,0.13,4.51,94.2,0.3,1.7,125.0,12.0,2.0
"Fruit butters, apple",173.0,0.39,0.3,42.5,56.4,0.39,1.5,91.0,4.0,15.0
"Syrup, fruit flavored",261.0,0.0,0.02,65.1,34.8,0.06,0.0,1.0,1.0,0.0
"Babyfood, snack, GERBER GRADUATE FRUIT  STRIPS, Real Fruit Bars",330.0,0.82,2.24,76.6,19.1,1.24,2.0,312.0,9.0,14.0
"Candies, MARS SNACKFOOD US, STARBURST Fruit Chews, Fruit and Creme",408.0,0.41,8.36,82.4,8.7,0.1,0.0,,,2.0
"Candies, MARS SNACKFOOD US, STARBURST Fruit Chews, Original fruits",408.0,0.41,8.21,82.6,8.51,0.3,0.0,2.0,1.0,2.0
"Candies, MARS SNACKFOOD US, STARBURST Fruit Chews, Tropical fruits",409.0,0.41,8.31,82.8,8.51,0.3,0.0,,,2.0
"Babyfood, cookie, baby, fruit",435.0,6.8,12.6,73.7,5.7,1.2,3.4,425.0,30.0,9.0
"Babyfood, fruit supreme dessert",73.0,0.5,0.2,17.2,81.6,0.52,2.0,129.0,7.0,1.0
"Babyfood, fruit, applesauce, junior",37.0,0.0,0.0,10.3,89.5,0.2,1.7,77.0,3.0,1.0
"Babyfood, fruit, applesauce, strained",41.0,0.2,0.2,10.8,88.6,0.2,1.7,71.0,3.0,0.0
"Babyfood, fruit, peaches, junior",65.0,0.94,0.33,14.5,83.6,0.59,1.3,195.0,7.0,4.0
"Babyfood, fruit, peaches, strained",65.0,0.94,0.33,14.5,83.6,0.59,1.3,195.0,7.0,4.0
"Babyfood, fruit, pears, junior",44.0,0.3,0.1,11.6,87.8,0.2,2.8,115.0,9.0,1.0
"Babyfood, fruit, pears, strained",42.0,0.3,0.2,10.8,88.4,0.3,2.8,130.0,8.0,1.0
"Babyfood, juice, mixed fruit",47.0,0.1,0.1,11.7,87.9,0.2,0.1,101.0,5.0,8.0
"Babyfood, tropical fruit medley",46.0,0.31,0.14,12.2,87.1,0.19,1.3,141.0,5.0,0.0
"Cheese, cottage, creamed, with fruit",97.0,10.7,3.85,4.61,79.6,1.2,0.2,90.0,7.0,344.0
"Pie, fried pies, fruit",316.0,3.0,16.1,42.6,37.6,1.1,2.6,65.0,10.0,333.0
"Snacks, fruit leather, pieces",359.0,1.0,2.68,82.8,12.3,1.2,0.0,164.0,14.0,199.0
"Snacks, fruit leather, rolls",371.0,0.1,3.0,85.8,10.2,0.9,0.0,294.0,20.0,317.0
"Yogurt, fruit variety, nonfat",95.0,4.4,0.2,19.0,75.4,1.0,0.0,194.0,15.0,58.0
"Passion-fruit juice, purple, raw",51.0,0.39,0.05,13.6,85.6,0.34,0.2,278.0,17.0,6.0
"Passion-fruit juice, yellow, raw",60.0,0.67,0.18,14.4,84.2,0.49,0.2,278.0,17.0,6.0
"Passion-fruit, (granadilla), purple, raw",97.0,2.2,0.7,23.4,72.9,0.8,10.4,348.0,29.0,28.0
"Babyfood, dessert, tropical fruit, junior",60.0,0.2,0.0,16.4,83.2,0.2,,58.0,5.0,7.0
"Babyfood, fruit dessert, mango with tapioca",70.0,0.3,0.2,19.0,80.0,0.33,1.1,66.0,6.0,4.0
"Babyfood, fruit, apple and blueberry, junior",62.0,0.2,0.2,16.6,82.8,0.19,1.8,65.0,3.0,1.0
"Babyfood, fruit, apple and blueberry, strained",61.0,0.2,0.2,16.3,83.1,0.2,1.8,69.0,3.0,1.0
"Babyfood, fruit, apple and raspberry, junior",58.0,0.2,0.2,15.4,84.0,0.2,2.1,72.0,4.0,0.0
"Babyfood, fruit, apple and raspberry, strained",58.0,0.2,0.2,15.6,83.8,0.2,2.1,80.0,4.0,0.0
"Babyfood, fruit, applesauce and apricots, junior",47.0,0.2,0.2,12.4,86.9,0.24,1.8,109.0,4.0,0.0
"Babyfood, fruit, applesauce and apricots, strained",44.0,0.2,0.2,11.6,87.7,0.26,1.8,120.0,4.0,0.0
"Babyfood, fruit, applesauce and cherries, junior",51.0,0.0,0.0,14.1,85.6,0.3,1.1,132.0,4.0,1.0
"Babyfood, fruit, applesauce and cherries, strained",51.0,0.0,0.0,14.1,85.6,0.25,1.1,132.0,4.0,1.0
"Babyfood, fruit, applesauce and pineapple, junior",39.0,0.1,0.1,10.5,89.1,0.2,1.5,76.0,4.0,2.0
"Babyfood, fruit, applesauce and pineapple, strained",37.0,0.1,0.1,10.1,89.5,0.2,1.5,78.0,3.0,2.0
"Babyfood, fruit, applesauce with banana, junior",66.0,0.37,0.1,16.2,83.1,0.26,1.6,131.0,9.0,3.0
"Babyfood, fruit, apricot with tapioca, junior",63.0,0.3,0.0,17.3,82.1,0.4,1.5,125.0,4.0,0.0
"Babyfood, fruit, apricot with tapioca, strained",60.0,0.3,0.0,16.3,83.1,0.3,1.5,121.0,4.0,0.0
"Babyfood, fruit, banana and strawberry, junior",109.0,0.71,0.37,25.8,72.2,0.91,1.4,395.0,30.0,1.0
"Babyfood, fruit, bananas with tapioca, junior",67.0,0.4,0.2,17.8,81.5,0.2,1.6,108.0,12.0,0.0
"Babyfood, fruit, bananas with tapioca, strained",56.0,0.4,0.1,15.3,84.0,0.3,1.6,88.0,10.0,0.0
"Babyfood, fruit, pears and pineapple, junior",44.0,0.3,0.2,11.4,87.8,0.3,2.6,118.0,7.0,0.0
"Babyfood, fruit, pears and pineapple, strained",41.0,0.3,0.1,10.9,88.5,0.3,2.6,116.0,7.0,0.0
"Babyfood, fruit, tutti frutti, junior",69.0,0.4,0.4,16.0,82.9,0.3,0.4,47.0,4.0,17.0
"Babyfood, fruit, tutti frutti, strained",66.0,0.4,0.3,15.5,83.5,0.32,0.6,46.0,4.0,25.0
"Babyfood, juice, fruit punch, with calcium",52.0,0.2,0.1,12.7,86.5,0.52,0.4,86.0,7.0,4.0
"Babyfood, mixed fruit yogurt, strained",75.0,0.8,0.8,16.2,81.8,0.37,0.4,62.0,4.0,16.0
"Candies, soft fruit and nut squares",390.0,2.31,9.52,73.8,13.9,0.4,2.4,82.0,25.0,131.0
"Frozen novelties, fruit and juice bars",87.0,1.2,0.1,20.2,78.3,0.2,1.0,53.0,4.0,4.0
"McDONALD'S, Fruit 'n Yogurt Parfait",105.0,2.73,1.3,20.7,74.6,0.64,1.0,167.0,14.0,58.0
"Yogurt parfait, lowfat, with fruit and granola",84.0,3.36,1.01,15.9,79.0,0.8,1.1,189.0,17.0,49.0
"Yogurt, Greek, fruit, whole milk",106.0,7.33,3.0,12.3,76.8,0.56,0.0,113.0,10.0,37.0
"Beverages, Fruit flavored drink containing less than 3% fruit juice, with high vitamin C",27.0,0.0,0.0,6.67,93.2,0.1,0.0,31.0,1.0,36.0
"Fruit cocktail, canned, heavy syrup, drained",70.0,0.47,0.1,18.8,80.4,0.24,1.7,90.0,5.0,6.0
"Fruit juice smoothie, ODWALLA, ORIGINAL SUPERFOOD",50.0,0.63,0.36,11.5,87.2,0.28,0.6,145.0,9.0,3.0
"Fruit juice smoothie, ODWALLA, strawberry banana",48.0,0.5,0.32,11.0,87.7,0.39,0.6,201.0,14.0,2.0
"Babyfood, beverage, GERBER, GRADUATES, FRUIT SPLASHERS",29.0,0.0,0.0,7.35,92.5,0.15,0.0,22.0,3.0,11.0
"Babyfood, dessert, fruit pudding, orange, strained",80.0,1.1,0.9,17.7,79.8,0.6,0.6,86.0,5.0,20.0
"Babyfood, dessert, fruit pudding, pineapple, strained",81.0,1.3,0.3,20.3,77.6,0.5,0.7,81.0,9.0,0.0
"Babyfood, fortified cereal bar, fruit filling",344.0,5.43,5.3,68.6,14.0,6.64,1.7,180.0,19.0,157.0
"Babyfood, fruit and vegetable, apple and sweet potato",64.0,0.3,0.22,15.3,84.0,0.3,1.4,149.0,6.0,3.0
"Babyfood, fruit, bananas and pineapple with tapioca, junior",68.0,0.2,0.1,18.4,81.1,0.2,1.6,78.0,6.0,0.0
"Babyfood, fruit, bananas and pineapple with tapioca, strained",65.0,0.2,0.0,17.8,81.7,0.53,1.6,68.0,6.0,0.0
"Babyfood, fruit, bananas with apples and pears, strained",83.0,0.9,0.22,19.3,79.0,0.57,1.4,233.0,25.0,2.0
"Babyfood, fruit, guava and papaya with tapioca, strained",63.0,0.2,0.1,17.0,82.5,0.2,,74.0,5.0,4.0
"Babyfood, fruit, papaya and applesauce with tapioca, strained",70.0,0.2,0.1,18.9,80.6,0.2,1.4,79.0,5.0,5.0
"Babyfood, juice treats, fruit medley, toddler",347.0,0.0,0.02,86.7,12.9,0.29,0.0,54.0,7.0,89.0
"Beverages, Fruit punch drink, frozen concentrate",162.0,0.2,0.0,41.4,58.2,0.2,0.4,44.0,6.0,8.0
"Breakfast bar, corn flake crust with fruit",376.0,4.4,7.5,72.8,14.5,0.8,2.1,197.0,27.0,337.0
"Candies, fruit snacks, with high vitamin C",352.0,0.08,0.0,88.0,11.8,0.11,0.0,8.0,1.0,23.0
"Chayote, fruit, cooked, boiled, drained, with salt",22.0,0.62,0.48,4.5,93.4,0.97,2.8,173.0,12.0,237.0
"Jams, preserves, marmalades, sweetened with fruit juice",212.0,0.0,0.0,52.9,46.8,0.23,0.9,65.0,5.0,0.0
"Snacks, fruit leather, pieces, with vitamin C",373.0,0.1,3.5,85.2,10.2,1.0,3.5,164.0,14.0,317.0
"Snacks, granola bar, fruit-filled, nonfat",342.0,5.9,0.9,77.6,13.7,1.9,7.4,220.0,50.0,16.0
"Snacks, NUTRI-GRAIN FRUIT AND NUT BAR",403.0,9.38,10.9,66.7,11.3,1.72,7.5,328.0,105.0,195.0
"Yogurt, fruit, lowfat, with low calorie sweetener",105.0,4.86,1.41,18.6,74.1,1.03,0.0,194.0,16.0,58.0
"Beverages, fruit juice drink, greater than 3% fruit juice, high vitamin C and added thiamin",54.0,0.13,0.0,13.2,86.4,0.31,0.1,122.0,5.0,61.0
"Fruit juice smoothie, BOLTHOUSE FARMS, BERRY BOOST",46.0,0.63,0.02,10.9,88.0,0.45,0.0,116.0,,4.0
"Fruit juice smoothie, BOLTHOUSE FARMS, GREEN GOODNESS",56.0,0.63,0.33,13.0,85.6,0.39,0.6,177.0,15.0,11.0
"Fruit juice smoothie, BOLTHOUSE FARMS, strawberry banana",52.0,0.44,0.3,12.4,86.6,0.29,0.6,184.0,13.0,5.0
"Fruit juice smoothie, NAKED JUICE, BLUE MACHINE",71.0,0.42,0.0,16.7,81.7,1.21,2.9,154.0,,4.0
"Fruit juice smoothie, NAKED JUICE, GREEN MACHINE",53.0,0.6,0.26,12.5,86.2,0.36,0.7,165.0,10.0,6.0
"Fruit juice smoothie, NAKED JUICE, MIGHTY MANGO",63.0,0.42,0.0,15.0,83.5,1.12,0.0,142.0,,4.0
"Fruit juice smoothie, NAKED JUICE, strawberry banana",50.0,0.48,0.27,11.7,87.3,0.31,0.6,201.0,14.0,2.0
"Babyfood, mixed fruit juice with low fat yogurt",74.0,2.4,0.8,14.7,81.5,0.62,0.4,137.0,10.0,36.0
"Beverages, citrus fruit juice drink, frozen concentrate",162.0,1.2,0.1,40.2,57.4,1.1,0.2,393.0,20.0,3.0
"Beverages, Fruit punch drink, with added nutrients, canned",47.0,0.0,0.0,11.9,88.0,0.08,0.2,31.0,3.0,38.0
"Beverages, fruit punch juice drink, frozen concentrate",175.0,0.3,0.7,43.1,55.5,0.5,0.2,270.0,11.0,10.0
"Beverages, Propel Zero, fruit-flavored, non-carbonated",5.0,0.0,0.0,1.14,98.8,0.08,0.0,16.0,0.0,33.0
"Beverages, V8 SPLASH Juice Drinks, Fruit Medley",33.0,0.0,0.0,7.82,91.8,0.38,,10.0,,21.0
"Chayote, fruit, cooked, boiled, drained, without salt",24.0,0.62,0.48,5.09,93.4,0.38,2.8,173.0,12.0,1.0
"Frozen novelties, ice type, fruit, no sugar added",24.0,0.5,0.1,6.2,93.2,0.1,0.0,26.0,2.0,5.0
"McDONALD'S, Fruit 'n Yogurt Parfait (without granola)",90.0,2.47,1.13,17.7,78.2,0.56,0.9,165.0,12.0,38.0
"Yogurt, fruit variety, nonfat, fortified with vitamin D",95.0,4.4,0.2,19.0,75.4,1.0,0.0,194.0,15.0,58.0
"Yogurt, Greek, nonfat, Fruit on Bottom, Blackberry, CHOBANI",95.0,7.54,0.37,15.4,76.0,0.66,0.4,0.0,,0.0
"Yogurt, Greek, nonfat, Fruit on Bottom, Pomegranate, CHOBANI",80.0,7.45,0.18,12.1,79.6,0.64,0.8,128.0,,31.0
"Yogurt, Greek, nonfat, Fruit on Bottom, Strawberry, CHOBANI",79.0,7.28,0.23,11.9,80.0,0.63,0.4,132.0,10.0,31.0
"Beverages, Fruit flavored drink, reduced sugar, greater than 3% fruit juice, high vitamin C, added calcium",29.0,0.0,0.37,6.67,93.0,0.06,0.0,31.0,1.0,25.0
"Babyfood, dessert, fruit dessert, without ascorbic acid, junior",63.0,0.3,0.0,17.2,82.2,0.3,0.6,95.0,5.0,0.0
"Babyfood, dessert, fruit dessert, without ascorbic acid, strained",59.0,0.3,0.0,16.0,83.4,0.3,0.6,94.0,5.0,0.0
"Babyfood, fruit, plums with tapioca, without ascorbic acid, junior",74.0,0.1,0.0,20.5,79.2,0.2,1.2,83.0,4.0,0.0
"Babyfood, fruit, plums with tapioca, without ascorbic acid, strained",71.0,0.1,0.0,19.7,80.0,0.24,1.2,85.0,4.0,0.0
"Babyfood, fruit, prunes with tapioca, without ascorbic acid, junior",70.0,0.6,0.1,18.7,80.1,0.78,2.7,162.0,10.0,2.0
"Babyfood, fruit, prunes with tapioca, without ascorbic acid, strained",69.0,0.6,0.1,18.5,80.3,0.5,2.7,177.0,10.0,5.0
"Babyfood, oatmeal cereal with fruit, dry, instant, toddler fortified",402.0,10.5,7.05,74.1,5.4,2.95,7.8,346.0,107.0,0.0
"Beverages, Fruit punch drink, frozen concentrate, prepared with water",46.0,0.06,0.0,11.7,88.2,0.13,0.1,13.0,2.0,5.0
"Beverages, fruit punch drink, without added nutrients, canned",48.0,0.0,0.0,12.0,88.0,0.05,0.0,25.0,3.0,10.0
"Beverages, Mixed vegetable and fruit juice drink, with added nutrients",29.0,0.04,0.01,7.47,92.3,0.13,0.0,19.0,1.0,21.0
"Beverages, V8 SPLASH Juice Drinks, Diet Fruit Medley",4.0,0.0,0.0,1.26,98.8,0.1,,15.0,,13.0
"Beverages, V8 SPLASH Juice Drinks, Guava Passion Fruit",33.0,0.0,0.0,7.82,91.9,0.28,,12.0,,14.0
"Candies, MARS SNACKFOOD US, STARBURST Sour Fruit Chews",400.0,0.39,7.78,79.7,10.9,0.3,0.0,,,89.0
"Cereals ready-to-eat, wheat and bran, presweetened with nuts and fruits",385.0,7.1,5.6,76.2,8.5,2.6,9.7,382.0,120.0,245.0
"Cereals, QUAKER, Instant Oatmeal, fruit and cream variety, dry",379.0,8.3,6.37,75.4,6.56,3.36,6.0,280.0,84.0,499.0
"Snacks, KELLOGG, KELLOGG'S, NUTRI-GRAIN Cereal Bars, fruit",365.0,4.22,8.67,67.6,16.7,2.8,3.0,247.0,37.0,354.0
"Toaster pastries, fruit (includes apple, blueberry, cherry, strawberry)",388.0,4.2,9.95,70.3,14.3,1.2,1.0,102.0,12.0,334.0
"Yogurt, fruit, low fat, 11g protein/8 oz",105.0,4.86,1.41,18.6,74.1,1.03,0.0,216.0,16.0,65.0
"Beverages, citrus fruit juice drink, frozen concentrate, prepared with water",46.0,0.34,0.03,11.4,87.8,0.38,0.1,112.0,6.0,4.0
"Beverages, fruit juice drink, reduced sugar, with vitamin E added",39.0,0.0,0.07,10.0,87.6,2.35,0.0,11.0,2.0,2.0
"Beverages, fruit punch juice drink, frozen concentrate, prepared with water",42.0,0.07,0.17,11.4,88.2,0.2,0.0,66.0,3.0,5.0
"Beverages, The COCA-COLA company, Hi-C Flashin' Fruit Punch",45.0,0.0,0.0,12.5,87.5,0.01,0.0,0.0,0.0,8.0
"Danish pastry, fruit, unenriched (includes apple, cinnamon, raisin, strawberry)",371.0,5.4,18.5,47.8,27.1,1.2,1.9,83.0,15.0,354.0
"Snacks, FARLEY CANDY, FARLEY Fruit Snacks, with vitamins A, C, and E",341.0,4.4,0.0,80.9,14.7,0.0,,,,36.0
"Snacks, SUNKIST, SUNKIST Fruit Roll, strawberry, with vitamins A, C, and E",342.0,0.6,1.0,82.7,14.6,1.1,7.7,,,111.0
"Toaster Pastries, fruit, frosted (include apples, blueberry, cherry, strawberry)",385.0,4.01,9.02,71.8,14.0,1.1,1.8,86.0,11.0,311.0
"Toaster pastries, fruit, toasted (include apple, blueberry, cherry, strawberry)",409.0,4.7,11.0,72.7,10.5,1.11,1.0,81.0,12.0,354.0
"Water, with corn syrup and/or sugar and low calorie sweetener, fruit flavored",18.0,0.0,0.0,4.5,94.4,1.0,0.0,0.0,3.0,8.0
"Yogurt, fruit, low fat,9 g protein/8 oz",99.0,3.98,1.15,18.6,75.3,0.93,0.0,177.0,13.0,53.0
"Yogurt, fruit, lowfat, with low calorie sweetener, fortified with vitamin D",105.0,4.86,1.41,18.6,74.1,1.03,0.0,194.0,16.0,58.0
"Babyfood, yogurt, whole milk, with fruit, multigrain cereal and added DHA fortified",98.0,3.4,3.53,13.2,79.2,0.69,0.3,149.0,15.0,41.0
"Babyfood, yogurt, whole milk, with fruit, multigrain cereal and added iron fortified",92.0,3.05,3.08,13.0,80.2,0.65,0.6,143.0,15.0,38.0
"Beverages, fruit-flavored drink, dry powdered mix, low calorie, with aspartame",218.0,0.45,0.04,87.4,1.84,10.3,0.1,498.0,3.0,404.0
"Beverages, Lemonade fruit juice drink light, fortified with vitamin E and C",21.0,0.0,0.0,5.0,95.0,0.02,0.0,10.0,2.0,5.0
"Beverages, Water with added vitamins and minerals, bottles, sweetened, assorted fruit flavors",22.0,0.0,0.0,5.49,94.4,0.07,0.0,0.0,3.0,0.0
"Cereals, QUAKER, Instant Oatmeal, fruit and cream, variety of flavors, reduced sugar",376.0,10.2,7.46,71.6,7.39,3.42,8.3,339.0,103.0,559.0
"Snacks, candy rolls, yogurt-covered, fruit flavored with high vitamin C",359.0,0.46,6.53,74.6,17.6,0.77,3.3,100.0,9.0,8.0
"Yogurt, fruit, low fat, 10 grams protein per 8 ounce",102.0,4.37,1.08,19.0,74.5,1.02,0.0,195.0,15.0,58.0
"Beverages, Fruit flavored drink, less than 3% juice, not fortified with vitamin C",64.0,0.0,0.0,16.0,83.9,0.1,0.0,31.0,1.0,36.0
"Beverages, fruit juice drink, greater than 3% juice, high vitamin C",46.0,0.13,0.11,11.4,88.1,0.31,0.1,122.0,5.0,8.0
"Beverages, fruit punch-flavor drink, powder, without added sodium, prepared with water",37.0,0.0,0.01,9.47,90.4,0.17,0.0,1.0,1.0,7.0
"Beverages, The COCA-COLA company, Glaceau Vitamin Water, Revive Fruit Punch, fortified",0.0,0.0,0.0,0.0,99.2,0.15,0.0,148.0,0.0,0.0
"Beverages, vegetable and fruit juice blend, 100% juice, with added vitamins A, C, E",46.0,0.3,0.01,11.2,88.4,0.13,0.0,101.0,7.0,29.0
"Danish pastry, fruit, enriched (includes apple, cinnamon, raisin, lemon, raspberry, strawberry)",371.0,5.4,18.5,47.8,27.1,1.2,1.9,83.0,15.0,445.0
"Water, non-carbonated, bottles, natural fruit flavors, sweetened with low calorie sweetener",1.0,0.0,0.0,0.13,99.8,0.02,0.0,4.0,0.0,14.0
"Fruit cocktail, (peach and pineapple and pear and grape and cherry), canned, heavy syrup, solids and liquids",73.0,0.39,0.07,18.9,80.4,0.23,1.0,88.0,5.0,6.0
"Fruit cocktail, (peach and pineapple and pear and grape and cherry), canned, juice pack, solids and liquids",46.0,0.46,0.01,11.9,87.4,0.23,1.0,95.0,7.0,4.0
"Fruit cocktail, (peach and pineapple and pear and grape and cherry), canned, light syrup, solids and liquids",57.0,0.4,0.07,14.9,84.4,0.23,1.0,89.0,5.0,6.0
"Fruit cocktail, (peach and pineapple and pear and grape and cherry), canned, water pack, solids and liquids",32.0,0.42,0.05,8.51,90.8,0.26,1.0,94.0,7.0,4.0
"Fruit salad, (peach and pear and apricot and pineapple and cherry), canned, juice pack, solids and liquids",50.0,0.51,0.03,13.0,86.2,0.26,1.0,116.0,8.0,5.0
"Fruit salad, (peach and pear and apricot and pineapple and cherry), canned, light syrup, solids and liquids",58.0,0.34,0.07,15.1,84.2,0.21,1.0,82.0,5.0,6.0
"Fruit salad, (peach and pear and apricot and pineapple and cherry), canned, water pack, solids and liquids",30.0,0.35,0.07,7.87,91.5,0.22,1.0,78.0,5.0,3.0
"Fruit salad, (pineapple and papaya and banana and guava), tropical, canned, heavy syrup, solids and liquids",86.0,0.41,0.1,22.4,76.8,0.35,1.3,131.0,13.0,2.0
"Snacks, GENERAL MILLS, BETTY CROCKER Fruit Roll Ups, berry flavored, with vitamin C",373.0,0.1,3.5,85.2,10.2,1.0,,,,317.0
"Fruit cocktail, (peach and pineapple and pear and grape and cherry), canned, extra heavy syrup, solids and liquids",88.0,0.39,0.07,22.9,76.4,0.22,1.1,86.0,5.0,6.0
"Fruit cocktail, (peach and pineapple and pear and grape and cherry), canned, extra light syrup, solids and liquids",45.0,0.4,0.07,11.6,87.7,0.2,1.1,104.0,6.0,4.0
"Fruit salad, (peach and pear and apricot and pineapple and cherry), canned, extra heavy syrup, solids and liquids",88.0,0.33,0.06,22.8,76.6,0.21,1.0,80.0,5.0,5.0
"Beverages, fruit-flavored drink, powder, with high vitamin C with other added vitamins, low calorie",227.0,0.25,0.16,91.0,1.32,7.27,2.2,2520.0,245.0,14.0
"Beverages, Vegetable and fruit juice drink, reduced calorie, with low-calorie sweetener, added vitamin C",4.0,0.0,0.0,1.1,98.8,0.13,0.0,24.0,1.0,14.0
"Yogurt, fruit, low fat, 10 grams protein per 8 ounce, fortified with vitamin D",102.0,4.37,1.08,19.0,74.5,1.02,0.0,195.0,15.0,58.0
"Yogurt, fruit, low fat, 9 grams protein per 8 ounce, fortified with vitamin D",99.0,3.98,1.15,18.6,75.3,0.93,0.0,177.0,13.0,53.0
"Abiyuch, raw",69.0,1.5,0.1,17.6,79.9,0.9,5.3,304.0,24.0,20.0
"Acerola juice, raw",23.0,0.4,0.3,4.8,94.3,0.2,0.3,97.0,12.0,3.0
"Acerola, (west indian cherry), raw",32.0,0.4,0.3,7.69,91.4,0.2,1.1,146.0,18.0,7.0
"Apple juice, canned or bottled, unsweetened, with added ascorbic acid",46.0,0.1,0.13,11.3,88.2,0.23,0.2,101.0,5.0,4.0
"Apple juice, canned or bottled, unsweetened, with added ascorbic acid, calcium, and potassium",48.0,0.12,0.17,11.5,87.9,0.31,0.3,184.0,5.0,5.0
"Apple juice, canned or bottled, unsweetened, without added ascorbic acid",46.0,0.1,0.13,11.3,88.2,0.23,0.2,101.0,5.0,4.0
"Apple juice, frozen concentrate, unsweetened, diluted with 3 volume water without added ascorbic acid",47.0,0.14,0.1,11.5,87.9,0.32,0.1,126.0,5.0,7.0
"Apple juice, frozen concentrate, unsweetened, diluted with 3 volume water, with added ascorbic acid",47.0,0.14,0.1,11.5,87.9,0.32,0.1,126.0,5.0,7.0
"Apple juice, frozen concentrate, unsweetened, undiluted, with added ascorbic acid",166.0,0.51,0.37,41.0,57.0,1.12,,448.0,17.0,25.0
"Apple juice, frozen concentrate, unsweetened, undiluted, without added ascorbic acid",166.0,0.51,0.37,41.0,57.0,1.12,0.4,448.0,17.0,25.0
"Apples, canned, sweetened, sliced, drained, heated",67.0,0.18,0.43,16.8,82.3,0.27,2.0,70.0,3.0,3.0
"Apples, dehydrated (low moisture), sulfured, stewed",74.0,0.28,0.12,19.9,79.4,0.33,2.6,136.0,5.0,26.0
"Apples, dehydrated (low moisture), sulfured, uncooked",346.0,1.32,0.58,93.5,3.0,1.57,12.4,640.0,22.0,124.0
"Apples, dried, sulfured, stewed, with added sugar",83.0,0.2,0.07,20.7,78.8,0.24,1.9,98.0,3.0,19.0
"Apples, dried, sulfured, stewed, without added sugar",57.0,0.22,0.07,15.3,84.1,0.26,2.0,105.0,4.0,20.0
"Apples, dried, sulfured, uncooked",243.0,0.93,0.32,65.9,31.8,1.1,8.7,450.0,16.0,87.0
"Apples, frozen, unsweetened, heated (Includes foods for USDA's Food Distribution Program)",47.0,0.29,0.33,12.0,87.2,0.23,1.3,76.0,3.0,3.0
"Apples, frozen, unsweetened, unheated (Includes foods for USDA's Food Distribution Program)",48.0,0.28,0.32,12.3,86.8,0.24,1.3,77.0,3.0,3.0
"Apples, raw, fuji, with skin (Includes foods for USDA's Food Distribution Program)",63.0,0.2,0.18,15.2,84.2,0.24,2.1,109.0,5.0,1.0
"Apples, raw, gala, with skin (Includes foods for USDA's Food Distribution Program)",57.0,0.25,0.12,13.7,85.8,0.2,2.3,108.0,5.0,1.0
"Apples, raw, golden delicious, with skin",57.0,0.28,0.15,13.6,85.8,0.16,2.4,100.0,5.0,2.0
"Apples, raw, granny smith, with skin (Includes foods for USDA's Food Distribution Program)",58.0,0.44,0.19,13.6,85.5,0.29,2.8,120.0,5.0,1.0
"Apples, raw, red delicious, with skin (Includes foods for USDA's Food Distribution Program)",59.0,0.27,0.2,14.1,85.3,0.14,2.3,104.0,5.0,1.0
"Apples, raw, with skin (Includes foods for USDA's Food Distribution Program)",52.0,0.26,0.17,13.8,85.6,0.19,2.4,107.0,5.0,1.0
"Apples, raw, without skin",48.0,0.27,0.13,12.8,86.7,0.17,1.3,90.0,4.0,0.0
"Apples, raw, without skin, cooked, boiled",53.0,0.26,0.36,13.6,85.5,0.28,2.4,88.0,3.0,1.0
"Apples, raw, without skin, cooked, microwave",56.0,0.28,0.42,14.4,84.6,0.26,2.8,93.0,3.0,1.0
"Applesauce, canned, sweetened, with salt",76.0,0.18,0.18,19.9,79.6,0.14,1.2,61.0,3.0,28.0
"Applesauce, canned, sweetened, without salt",68.0,0.16,0.17,17.5,82.0,0.21,1.2,75.0,3.0,2.0
"Applesauce, canned, unsweetened, with added ascorbic acid",42.0,0.17,0.1,11.3,88.2,0.24,1.1,74.0,3.0,2.0
"Applesauce, canned, unsweetened, without added ascorbic acid (Includes foods for USDA's Food Distribution Program)",42.0,0.17,0.1,11.3,88.2,0.24,1.1,74.0,3.0,2.0
"Apricot nectar, canned, with added ascorbic acid",56.0,0.17,0.45,13.6,85.6,0.12,0.1,67.0,5.0,8.0
"Apricots, canned, extra heavy syrup pack, without skin, solids and liquids",96.0,0.55,0.04,24.8,74.3,0.23,1.6,126.0,8.0,13.0
"Apricots, canned, extra light syrup pack, with skin, solids and liquids (Includes foods for USDA's Food Distribution Program)",49.0,0.6,0.1,12.5,86.3,0.5,1.6,140.0,6.0,2.0
"Apricots, canned, heavy syrup pack, with skin, solids and liquids",83.0,0.53,0.08,21.5,77.6,0.37,1.6,140.0,7.0,4.0
"Apricots, canned, heavy syrup pack, without skin, solids and liquids",83.0,0.51,0.09,21.4,77.7,0.29,1.6,134.0,8.0,11.0
"Apricots, canned, heavy syrup, drained",83.0,0.64,0.11,21.3,77.6,0.38,2.7,143.0,7.0,4.0
"Apricots, canned, juice pack, with skin, solids and liquids",48.0,0.63,0.04,12.3,86.6,0.37,1.6,165.0,10.0,4.0
"Apricots, canned, light syrup pack, with skin, solids and liquids",63.0,0.53,0.05,16.5,82.6,0.37,1.6,138.0,8.0,4.0
"Apricots, canned, water pack, with skin, solids and liquids",27.0,0.71,0.16,6.39,92.4,0.38,1.6,192.0,7.0,3.0
"Apricots, canned, water pack, without skin, solids and liquids",22.0,0.69,0.03,5.48,93.4,0.38,1.1,154.0,9.0,11.0
"Apricots, dehydrated (low-moisture), sulfured, stewed",126.0,1.93,0.24,32.6,63.6,1.61,,728.0,25.0,5.0
"Apricots, dehydrated (low-moisture), sulfured, uncooked",320.0,4.9,0.62,82.9,7.5,4.09,,1850.0,63.0,13.0
"Apricots, dried, sulfured, stewed, with added sugar",113.0,1.17,0.15,29.3,68.4,0.98,4.1,443.0,15.0,3.0
"Apricots, dried, sulfured, stewed, without added sugar",85.0,1.2,0.18,22.2,75.6,0.91,2.6,411.0,11.0,4.0
"Apricots, dried, sulfured, uncooked",241.0,3.39,0.51,62.6,30.9,2.57,7.3,1160.0,32.0,10.0
"Apricots, frozen, sweetened",98.0,0.7,0.1,25.1,73.3,0.8,2.2,229.0,9.0,4.0
"Apricots, raw",48.0,1.4,0.39,11.1,86.4,0.75,2.0,259.0,10.0,1.0
"Avocados, raw, all commercial varieties",160.0,2.0,14.7,8.53,73.2,1.58,6.7,485.0,29.0,7.0
"Avocados, raw, California",167.0,1.96,15.4,8.64,72.3,1.66,6.8,507.0,29.0,8.0
"Avocados, raw, Florida",120.0,2.23,10.1,7.82,78.8,1.08,5.6,351.0,24.0,2.0
"Bananas, dehydrated, or banana powder",346.0,3.89,1.81,88.3,3.0,3.02,9.9,1490.0,108.0,3.0
"Bananas, raw",89.0,1.09,0.33,22.8,74.9,0.82,2.6,358.0,27.0,1.0
Baobab powder,250.0,3.69,0.47,79.6,10.9,5.28,44.5,2190.0,158.0,10.0
"Blackberries, canned, heavy syrup, solids and liquids",92.0,1.31,0.14,23.1,75.1,0.39,3.4,99.0,17.0,3.0
"Blackberries, frozen, unsweetened",64.0,1.18,0.43,15.7,82.2,0.51,5.0,140.0,22.0,1.0
"Blackberries, raw",43.0,1.39,0.49,9.61,88.2,0.37,5.3,162.0,20.0,1.0
"Blackberry juice, canned",38.0,0.3,0.6,7.8,90.9,0.4,0.1,135.0,21.0,1.0
"Blueberries, canned, heavy syrup, solids and liquids",88.0,0.65,0.33,22.1,76.8,0.17,1.6,40.0,4.0,3.0
"Blueberries, canned, light syrup, drained",88.0,1.04,0.4,22.7,75.7,0.18,2.6,54.0,4.0,3.0
"Blueberries, dried, sweetened",317.0,2.5,2.5,80.0,14.8,0.73,7.5,214.0,18.0,3.0
"Blueberries, frozen, sweetened",85.0,0.4,0.13,22.0,77.4,0.12,2.2,60.0,2.0,1.0
"Blueberries, frozen, unsweetened (Includes foods for USDA's Food Distribution Program)",51.0,0.42,0.64,12.2,86.6,0.18,2.7,54.0,5.0,1.0
"Blueberries, raw",57.0,0.74,0.33,14.5,84.2,0.24,2.4,77.0,6.0,1.0
"Blueberries, wild, canned, heavy syrup, drained",107.0,0.56,0.34,28.3,70.6,0.15,4.9,46.0,6.0,1.0
"Blueberries, wild, frozen (Includes foods for USDA's Food Distribution Program)",57.0,0.0,0.16,13.8,85.8,0.19,4.4,68.0,7.0,3.0
"Boysenberries, canned, heavy syrup",88.0,0.99,0.12,22.3,76.3,0.32,2.6,90.0,11.0,3.0
"Boysenberries, frozen, unsweetened",50.0,1.1,0.26,12.2,85.9,0.54,5.3,139.0,16.0,1.0
"Breadfruit, raw",103.0,1.07,0.23,27.1,70.6,0.93,4.9,490.0,25.0,2.0
"Carambola, (starfruit), raw",31.0,1.04,0.33,6.73,91.4,0.52,2.8,133.0,10.0,2.0
"Carissa, (natal-plum), raw",62.0,0.5,1.3,13.6,84.2,0.4,,260.0,16.0,3.0
"Cherimoya, raw",75.0,1.57,0.68,17.7,79.4,0.65,3.0,287.0,17.0,7.0
"Cherries, sour, canned, water pack, drained",42.0,0.69,0.21,10.4,88.3,0.34,1.2,115.0,8.0,4.0
"Cherries, sour, red, canned, extra heavy syrup pack, solids and liquids",114.0,0.71,0.09,29.2,69.7,0.24,0.8,91.0,5.0,7.0
"Cherries, sour, red, canned, heavy syrup pack, solids and liquids",91.0,0.73,0.1,23.3,75.7,0.25,1.1,93.0,6.0,7.0
"Cherries, sour, red, canned, light syrup pack, solids and liquids",75.0,0.74,0.1,19.3,79.6,0.25,0.8,95.0,6.0,7.0
"Cherries, sour, red, canned, water pack, solids and liquids",36.0,0.77,0.1,8.94,89.9,0.26,1.1,98.0,6.0,7.0
"Cherries, sour, red, frozen, unsweetened (Includes foods for USDA's Food Distribution Program)",46.0,0.92,0.44,11.0,87.2,0.42,1.6,124.0,9.0,1.0
"Cherries, sour, red, raw",50.0,1.0,0.3,12.2,86.1,0.4,1.6,173.0,9.0,3.0
"Cherries, sweet, canned, extra heavy syrup pack, solids and liquids",102.0,0.59,0.15,26.2,72.7,0.37,1.5,142.0,8.0,3.0
"Cherries, sweet, canned, juice pack, solids and liquids",54.0,0.91,0.02,13.8,85.0,0.31,1.5,131.0,12.0,3.0
"Cherries, sweet, canned, light syrup pack, solids and liquids",67.0,0.61,0.15,17.3,81.6,0.38,1.5,148.0,9.0,3.0
"Cherries, sweet, canned, pitted, heavy syrup pack, solids and liquids",83.0,0.6,0.15,21.3,77.6,0.38,1.4,145.0,9.0,3.0
"Cherries, sweet, canned, pitted, heavy syrup, drained",83.0,0.73,0.21,21.1,77.6,0.39,2.3,148.0,9.0,3.0
"Cherries, sweet, canned, water pack, solids and liquids",46.0,0.77,0.13,11.8,87.0,0.29,1.5,131.0,9.0,1.0
"Cherries, sweet, raw",63.0,1.06,0.2,16.0,82.2,0.48,2.1,222.0,11.0,0.0
"Cherries, tart, dried, sweetened (Includes foods for USDA's Food Distribution Program)",333.0,1.25,0.73,80.4,16.6,0.97,2.5,376.0,22.0,13.0
"Cherry juice, tart",59.0,0.31,0.54,13.7,85.2,0.28,,161.0,11.0,4.0
"Clementines, raw",47.0,0.85,0.15,12.0,86.6,0.4,1.7,177.0,10.0,1.0
"Crabapples, raw",76.0,0.4,0.3,20.0,78.9,0.42,,194.0,7.0,1.0
"Cranberries, dried, sweetened (Includes foods for USDA's Food Distribution Program)",308.0,0.17,1.09,82.8,15.8,0.15,5.3,49.0,4.0,5.0
"Cranberries, raw",46.0,0.46,0.13,12.0,87.3,0.12,3.6,80.0,6.0,2.0
"Cranberry juice blend, 100% juice, bottled, with added vitamin C and calcium",45.0,0.27,0.12,10.9,88.6,0.1,0.1,76.0,5.0,6.0
"Cranberry juice, unsweetened",46.0,0.39,0.13,12.2,87.1,0.15,0.1,77.0,6.0,2.0
"Cranberry sauce, canned, sweetened",159.0,0.9,0.15,40.4,58.4,0.1,1.1,28.0,2.0,5.0
"Cranberry sauce, jellied, canned, OCEAN SPRAY",160.0,1.05,0.04,40.6,58.2,0.1,1.0,34.0,2.0,5.0
"Cranberry sauce, whole, canned, OCEAN SPRAY",158.0,0.75,0.05,40.4,58.7,0.1,1.2,21.0,2.0,5.0
"Cranberry-orange relish, canned",178.0,0.3,0.1,46.2,53.2,0.2,0.0,38.0,4.0,32.0
"Currants, european black, raw",63.0,1.4,0.41,15.4,82.0,0.86,,322.0,24.0,2.0
"Currants, red and white, raw",56.0,1.4,0.2,13.8,84.0,0.66,4.3,275.0,13.0,1.0
"Currants, zante, dried",290.0,3.43,0.22,77.0,17.6,1.77,4.4,777.0,36.0,43.0
"Custard-apple, (bullock's-heart), raw",101.0,1.7,0.6,25.2,71.5,1.0,2.4,382.0,18.0,4.0
"Dates, deglet noor",282.0,2.45,0.39,75.0,20.5,1.6,8.0,656.0,43.0,2.0
"Dates, medjool",277.0,1.81,0.15,75.0,21.3,1.74,6.7,696.0,54.0,1.0
"Durian, raw or frozen",147.0,1.47,5.33,27.1,65.0,1.12,3.8,436.0,30.0,2.0
"Elderberries, raw",73.0,0.66,0.5,18.4,79.8,0.64,7.0,280.0,5.0,6.0
"Feijoa, raw",61.0,0.71,0.42,15.2,83.3,0.38,6.4,172.0,9.0,3.0
"Figs, canned, extra heavy syrup pack, solids and liquids",107.0,0.38,0.1,27.9,71.4,0.28,,97.0,10.0,1.0
"Figs, canned, heavy syrup pack, solids and liquids",88.0,0.38,0.1,22.9,76.3,0.29,2.2,99.0,10.0,1.0
"Figs, canned, light syrup pack, solids and liquids",69.0,0.39,0.1,18.0,81.3,0.3,1.8,102.0,10.0,1.0
"Figs, canned, water pack, solids and liquids",53.0,0.4,0.1,14.0,85.2,0.3,2.2,103.0,10.0,1.0
"Figs, dried, stewed",107.0,1.42,0.4,27.6,69.8,0.8,4.2,294.0,29.0,4.0
"Figs, dried, uncooked",249.0,3.3,0.93,63.9,30.0,1.86,9.8,680.0,68.0,10.0
"Figs, raw",74.0,0.75,0.3,19.2,79.1,0.66,2.9,232.0,17.0,1.0
"Goji berries, dried",349.0,14.3,0.39,77.1,7.5,0.78,13.0,,,298.0
"Gooseberries, canned, light syrup pack, solids and liquids",73.0,0.65,0.2,18.8,80.1,0.29,2.4,77.0,6.0,2.0
"Gooseberries, raw",44.0,0.88,0.58,10.2,87.9,0.49,4.3,198.0,10.0,1.0
"Grape juice, canned or bottled, unsweetened, with added ascorbic acid",60.0,0.37,0.13,14.8,84.5,0.22,0.2,104.0,10.0,5.0
"Grape juice, canned or bottled, unsweetened, with added ascorbic acid and calcium",62.0,0.37,0.13,14.8,84.5,0.22,0.2,104.0,10.0,5.0
"Grape juice, canned or bottled, unsweetened, without added ascorbic acid",60.0,0.37,0.13,14.8,84.5,0.22,0.2,104.0,10.0,5.0
"Grapefruit juice, pink or red, with added calcium",39.0,0.51,0.68,7.74,90.8,0.29,0.3,132.0,9.0,2.0
"Grapefruit juice, pink, raw",39.0,0.5,0.1,9.2,90.0,0.2,,162.0,12.0,1.0
"Grapefruit juice, white, bottled, unsweetened, OCEAN SPRAY",37.0,0.54,0.64,7.51,91.0,0.29,0.6,142.0,9.0,2.0
"Grapefruit juice, white, canned or bottled, unsweetened",37.0,0.55,0.66,7.54,91.0,0.29,0.6,141.0,9.0,2.0
"Grapefruit juice, white, canned, sweetened",46.0,0.58,0.09,11.1,87.4,0.82,0.1,162.0,10.0,2.0
"Grapefruit juice, white, frozen concentrate, unsweetened, diluted with 3 volume water",41.0,0.55,0.13,9.73,89.3,0.28,0.1,136.0,11.0,1.0
"Grapefruit juice, white, frozen concentrate, unsweetened, undiluted",146.0,1.97,0.48,34.6,62.0,0.99,0.4,484.0,38.0,3.0
"Grapefruit juice, white, raw",39.0,0.5,0.1,9.2,90.0,0.2,0.1,162.0,12.0,1.0
"Grapefruit, raw, pink and red and white, all areas",32.0,0.63,0.1,8.08,90.9,0.31,1.1,139.0,8.0,0.0
"Grapefruit, raw, pink and red, all areas",42.0,0.77,0.14,10.7,88.1,0.36,1.6,135.0,9.0,0.0
"Grapefruit, raw, pink and red, California and Arizona",37.0,0.5,0.1,9.69,89.3,0.4,,147.0,9.0,1.0
"Grapefruit, raw, pink and red, Florida",30.0,0.55,0.1,7.5,91.6,0.29,1.1,127.0,8.0,0.0
"Grapefruit, raw, white, all areas",33.0,0.69,0.1,8.41,90.5,0.33,1.1,148.0,9.0,0.0
"Grapefruit, raw, white, California",37.0,0.88,0.1,9.09,89.6,0.35,,143.0,9.0,0.0
"Grapefruit, raw, white, Florida",32.0,0.63,0.1,8.19,90.8,0.32,,150.0,9.0,0.0
"Grapefruit, sections, canned, juice pack, solids and liquids",37.0,0.7,0.09,9.21,89.7,0.34,0.4,169.0,11.0,7.0
"Grapefruit, sections, canned, light syrup pack, solids and liquids",60.0,0.56,0.1,15.4,83.6,0.31,0.4,129.0,10.0,2.0
"Grapefruit, sections, canned, water pack, solids and liquids",36.0,0.58,0.1,9.15,89.8,0.32,0.4,132.0,10.0,2.0
"Grapes, american type (slip skin), raw",67.0,0.63,0.35,17.2,81.3,0.57,0.9,191.0,5.0,2.0
"Grapes, canned, thompson seedless, heavy syrup pack, solids and liquids",76.0,0.48,0.1,19.6,79.5,0.24,0.6,103.0,6.0,5.0
"Grapes, canned, thompson seedless, water pack, solids and liquids",40.0,0.5,0.11,10.3,88.8,0.25,0.6,107.0,6.0,6.0
"Grapes, muscadine, raw",57.0,0.81,0.47,13.9,84.3,0.5,3.9,203.0,14.0,1.0
"Grapes, red or green (European type, such as Thompson seedless), raw",69.0,0.72,0.16,18.1,80.5,0.48,0.9,191.0,7.0,2.0
"Groundcherries, (cape-gooseberries or poha), raw",53.0,1.9,0.7,11.2,85.4,0.8,,,,
"Guanabana nectar, canned",59.0,0.11,0.17,14.9,84.7,0.08,0.1,25.0,3.0,8.0
"Guava nectar, canned, with added ascorbic acid",63.0,0.09,0.06,16.2,83.5,0.09,1.0,39.0,2.0,6.0
"Guava nectar, with sucralose, canned",48.0,0.3,0.07,13.3,86.2,0.09,1.2,33.0,2.0,6.0
"Guava sauce, cooked",36.0,0.32,0.14,9.48,89.6,0.5,3.6,225.0,7.0,4.0
"Guavas, common, raw",68.0,2.55,0.95,14.3,80.8,1.39,5.4,417.0,22.0,2.0
"Guavas, strawberry, raw",69.0,0.58,0.6,17.4,80.7,0.8,5.4,292.0,17.0,37.0
Horned melon (Kiwano),44.0,1.78,1.26,7.56,89.0,0.44,,123.0,40.0,2.0
"Jackfruit, canned, syrup pack",92.0,0.36,0.14,23.9,75.3,0.28,0.9,96.0,10.0,11.0
"Jackfruit, raw",95.0,1.72,0.64,23.2,73.5,0.94,1.5,448.0,29.0,2.0
"Java-plum, (jambolan), raw",60.0,0.72,0.23,15.6,83.1,0.36,,79.0,15.0,14.0
"Juice, apple and grape blend, with added ascorbic acid",50.0,0.16,0.12,12.5,87.0,0.22,0.2,96.0,7.0,7.0
"Juice, apple, grape and pear blend, with added ascorbic acid and calcium",52.0,0.17,0.12,13.0,86.4,0.31,0.2,89.0,6.0,5.0
"Jujube, Chinese, fresh, dried",281.0,4.72,0.5,72.5,20.2,2.08,6.0,217.0,,5.0
"Jujube, raw",79.0,1.2,0.2,20.2,77.9,0.51,,250.0,10.0,3.0
"Kiwifruit, green, raw",61.0,1.14,0.52,14.7,83.1,0.61,3.0,312.0,17.0,3.0
"Kiwifruit, ZESPRI SunGold, raw",63.0,1.02,0.28,15.8,82.4,0.47,1.4,315.0,12.0,3.0
"Kumquats, raw",71.0,1.88,0.86,15.9,80.8,0.52,6.5,186.0,20.0,10.0
"Lemon juice from concentrate, bottled, CONCORD",24.0,0.4,0.07,5.37,94.0,0.19,,112.0,6.0,29.0
"Lemon juice from concentrate, bottled, REAL LEMON",17.0,0.47,0.07,5.66,93.6,0.23,0.7,109.0,6.0,26.0
"Lemon juice from concentrate, canned or bottled",17.0,0.45,0.07,5.62,93.6,0.22,0.7,109.0,7.0,24.0
"Lemon juice, raw",22.0,0.35,0.24,6.9,92.3,0.21,0.3,103.0,6.0,1.0
"Lemon peel, raw",47.0,1.5,0.3,16.0,81.6,0.6,10.6,160.0,15.0,6.0
"Lemons, raw, without peel",29.0,1.1,0.3,9.32,89.0,0.3,2.8,138.0,8.0,2.0
"Lime juice, canned or bottled, unsweetened",21.0,0.25,0.23,6.69,92.5,0.31,0.4,75.0,7.0,16.0
"Lime juice, raw",25.0,0.42,0.07,8.42,90.8,0.31,0.4,117.0,8.0,2.0
"Limes, raw",30.0,0.7,0.2,10.5,88.3,0.3,2.8,102.0,6.0,2.0
"Litchis, dried",277.0,3.8,1.2,70.7,22.3,2.0,4.6,1110.0,42.0,3.0
"Litchis, raw",66.0,0.83,0.44,16.5,81.8,0.44,1.3,171.0,10.0,1.0
"Loganberries, frozen",55.0,1.52,0.31,13.0,84.6,0.54,5.3,145.0,21.0,1.0
"Longans, dried",286.0,4.9,0.4,74.0,17.6,3.1,,658.0,46.0,48.0
"Longans, raw",60.0,1.31,0.1,15.1,82.8,0.7,1.1,266.0,10.0,0.0
"Loquats, raw",47.0,0.43,0.2,12.1,86.7,0.5,1.7,266.0,13.0,1.0
"Mammy-apple, (mamey), raw",51.0,0.5,0.5,12.5,86.2,0.3,3.0,47.0,16.0,15.0
"Mango nectar, canned",51.0,0.11,0.06,13.1,86.6,0.08,0.3,24.0,3.0,5.0
"Mango, dried, sweetened",319.0,2.45,1.18,78.6,16.6,1.19,2.4,279.0,20.0,162.0
"Mangos, raw",60.0,0.82,0.38,15.0,83.5,0.36,1.6,168.0,10.0,1.0
"Mangosteen, canned, syrup pack",73.0,0.41,0.58,17.9,80.9,0.16,1.8,48.0,13.0,7.0
"Maraschino cherries, canned, drained",165.0,0.22,0.21,42.0,57.3,0.34,3.2,21.0,4.0,4.0
"Melon balls, frozen",33.0,0.84,0.25,7.94,90.3,0.71,0.7,280.0,14.0,31.0
"Melons, cantaloupe, raw",34.0,0.84,0.19,8.16,90.2,0.65,0.9,267.0,12.0,16.0
"Melons, casaba, raw",28.0,1.11,0.1,6.58,91.8,0.36,0.9,182.0,11.0,9.0
"Melons, honeydew, raw",36.0,0.54,0.14,9.09,89.8,0.41,0.8,228.0,10.0,18.0
"Mulberries, raw",43.0,1.44,0.39,9.8,87.7,0.69,1.7,194.0,18.0,10.0
"Nance, canned, syrup, drained",95.0,0.56,1.28,22.8,74.8,0.52,7.0,194.0,16.0,8.0
"Nance, frozen, unsweetened",73.0,0.66,1.16,17.0,80.6,0.57,7.5,244.0,20.0,3.0
"Naranjilla (lulo) pulp, frozen, unsweetened",25.0,0.44,0.22,5.9,93.0,0.39,1.1,200.0,11.0,4.0
"Nectarines, raw",44.0,1.06,0.32,10.6,87.6,0.48,1.7,201.0,9.0,0.0
"Oheloberries, raw",28.0,0.38,0.22,6.84,92.3,0.26,,38.0,6.0,1.0
"Olives, pickled, canned or bottled, green",145.0,1.03,15.3,3.84,75.3,4.53,3.3,42.0,11.0,1560.0
"Olives, ripe, canned (jumbo-super colossal)",81.0,0.97,6.87,5.61,84.3,2.22,2.5,9.0,4.0,735.0
"Olives, ripe, canned (small-extra large)",116.0,0.84,10.9,6.04,80.0,2.23,1.6,8.0,4.0,735.0
"Orange juice, canned, unsweetened",47.0,0.68,0.15,11.0,87.7,0.43,0.3,184.0,10.0,4.0
"Orange juice, chilled, includes from concentrate",49.0,0.68,0.12,11.5,87.2,0.43,0.3,178.0,11.0,2.0
"Orange juice, chilled, includes from concentrate, with added calcium",47.0,0.68,0.12,11.3,87.2,0.71,0.3,178.0,11.0,2.0
"Orange juice, chilled, includes from concentrate, with added calcium and vitamin D",47.0,0.68,0.12,11.3,87.2,0.71,0.3,178.0,11.0,2.0
"Orange juice, chilled, includes from concentrate, with added calcium and vitamins A, D, E",49.0,0.68,0.12,11.5,87.2,0.43,0.3,178.0,11.0,2.0
"Orange juice, frozen concentrate, unsweetened, diluted with 3 volume water",37.0,0.6,0.06,8.8,90.1,0.47,0.2,158.0,10.0,4.0
"Orange juice, frozen concentrate, unsweetened, diluted with 3 volume water, with added calcium",37.0,0.6,0.06,8.47,90.1,0.81,0.2,158.0,10.0,4.0
"Orange juice, frozen concentrate, unsweetened, undiluted",148.0,2.4,0.25,35.2,60.6,1.6,1.0,629.0,35.0,7.0
"Orange juice, frozen concentrate, unsweetened, undiluted, with added calcium",147.0,2.4,0.25,33.9,60.6,2.92,1.0,629.0,35.0,7.0
"Orange juice, raw (Includes foods for USDA's Food Distribution Program)",45.0,0.7,0.2,10.4,88.3,0.4,0.2,200.0,11.0,1.0
"Orange peel, raw",97.0,1.5,0.2,25.0,72.5,0.8,10.6,212.0,22.0,3.0
Orange Pineapple Juice Blend,51.0,0.41,0.08,12.2,87.2,0.35,0.2,150.0,10.0,4.0
"Orange-grapefruit juice, canned or bottled, unsweetened",43.0,0.6,0.1,10.3,88.6,0.39,0.1,158.0,10.0,3.0
"Oranges, raw, all commercial varieties",47.0,0.94,0.12,11.8,86.8,0.44,2.4,181.0,10.0,0.0
"Oranges, raw, California, valencias",49.0,1.04,0.3,11.9,86.3,0.42,2.5,179.0,10.0,0.0
"Oranges, raw, Florida",46.0,0.7,0.21,11.5,87.1,0.41,2.4,169.0,10.0,0.0
"Oranges, raw, navels (Includes foods for USDA's Food Distribution Program)",49.0,0.91,0.15,12.5,86.0,0.43,2.2,166.0,11.0,1.0
"Oranges, raw, with peel",63.0,1.3,0.3,15.5,82.3,0.6,4.5,196.0,14.0,2.0
"Papaya nectar, canned",57.0,0.17,0.15,14.5,85.0,0.15,0.6,31.0,3.0,5.0
"Papaya, canned, heavy syrup, drained",206.0,0.14,0.55,55.8,43.3,0.15,1.5,67.0,6.0,9.0
"Papayas, raw",43.0,0.47,0.26,10.8,88.1,0.39,1.7,182.0,21.0,8.0
"Peach nectar, canned, with added ascorbic acid",50.0,0.21,0.51,11.9,87.3,0.08,0.1,50.0,5.0,8.0
"Peach nectar, canned, with sucralose, without added ascorbic acid",49.0,0.1,0.57,11.6,87.6,0.07,0.1,30.0,4.0,11.0
"Peaches, canned, extra heavy syrup pack, solids and liquids",96.0,0.47,0.03,26.1,73.2,0.25,1.0,83.0,5.0,8.0
"Peaches, canned, extra light syrup, solids and liquids (Includes foods for USDA's Food Distribution Program)",42.0,0.4,0.1,11.1,88.2,0.24,1.0,74.0,5.0,5.0
"Peaches, canned, heavy syrup pack, solids and liquids",74.0,0.45,0.1,19.9,79.3,0.24,1.3,92.0,5.0,6.0
"Peaches, canned, heavy syrup, drained",72.0,0.52,0.18,18.4,80.6,0.26,1.2,94.0,5.0,6.0
"Peaches, canned, juice pack, solids and liquids",44.0,0.63,0.03,11.6,87.5,0.27,1.3,128.0,7.0,4.0
"Peaches, canned, light syrup pack, solids and liquids",54.0,0.45,0.03,14.6,84.7,0.25,1.3,97.0,5.0,5.0
"Peaches, canned, water pack, solids and liquids",24.0,0.44,0.06,6.11,93.1,0.27,1.3,99.0,5.0,3.0
"Peaches, dehydrated (low-moisture), sulfured, stewed",133.0,2.01,0.42,34.1,62.0,1.39,,554.0,23.0,4.0
"Peaches, dehydrated (low-moisture), sulfured, uncooked",325.0,4.89,1.03,83.2,7.5,3.39,,1350.0,57.0,10.0
"Peaches, dried, sulfured, stewed, with added sugar",103.0,1.06,0.22,26.6,71.4,0.73,2.4,292.0,12.0,2.0
"Peaches, dried, sulfured, stewed, without added sugar",77.0,1.16,0.25,19.7,78.1,0.8,2.7,320.0,13.0,2.0
"Peaches, dried, sulfured, uncooked",239.0,3.61,0.76,61.3,31.8,2.5,8.2,996.0,42.0,7.0
"Peaches, frozen, sliced, sweetened",94.0,0.63,0.13,24.0,74.7,0.53,1.8,130.0,5.0,6.0
"Peaches, spiced, canned, heavy syrup pack, solids and liquids",75.0,0.41,0.1,20.1,79.2,0.21,1.3,85.0,7.0,4.0
"Peaches, yellow, raw",39.0,0.91,0.25,9.54,88.9,0.43,1.5,190.0,9.0,0.0
"Pear nectar, canned, with added ascorbic acid",60.0,0.11,0.01,15.8,84.0,0.1,0.6,13.0,3.0,4.0
"Pear nectar, canned, without added ascorbic acid",60.0,0.11,0.01,15.8,84.0,0.1,0.6,13.0,3.0,4.0
"Pears, asian, raw",42.0,0.5,0.23,10.6,88.2,0.37,3.6,121.0,8.0,0.0
"Pears, canned, extra heavy syrup pack, solids and liquids",97.0,0.19,0.13,25.2,74.3,0.15,1.6,64.0,4.0,5.0
"Pears, canned, extra light syrup pack, solids and liquids (Includes foods for USDA's Food Distribution Program)",47.0,0.3,0.1,12.2,87.3,0.1,1.6,45.0,5.0,2.0
"Pears, canned, heavy syrup pack, solids and liquids",74.0,0.2,0.13,19.2,80.4,0.15,1.6,65.0,4.0,5.0
"Pears, canned, heavy syrup, drained",74.0,0.24,0.18,19.1,80.4,0.15,2.7,66.0,4.0,5.0
"Pears, canned, juice pack, solids and liquids",50.0,0.34,0.07,12.9,86.5,0.19,1.6,96.0,7.0,4.0
"Pears, canned, light syrup pack, solids and liquids",57.0,0.19,0.03,15.2,84.5,0.14,1.6,66.0,4.0,5.0
"Pears, canned, water pack, solids and liquids",29.0,0.19,0.03,7.81,91.8,0.16,1.6,53.0,4.0,2.0
"Pears, dried, sulfured, stewed, with added sugar",140.0,0.86,0.29,37.1,61.2,0.51,5.8,245.0,15.0,3.0
"Pears, dried, sulfured, stewed, without added sugar",127.0,0.91,0.31,33.8,64.4,0.54,6.4,258.0,16.0,3.0
"Pears, dried, sulfured, uncooked",262.0,1.87,0.63,69.7,26.7,1.11,7.5,533.0,33.0,6.0
"Pears, raw",57.0,0.36,0.14,15.2,84.0,0.32,3.1,116.0,7.0,1.0
"Pears, raw, bartlett (Includes foods for USDA's Food Distribution Program)",63.0,0.39,0.16,15.0,84.1,0.3,3.1,101.0,6.0,1.0
"Pears, raw, bosc (Includes foods for USDA's Food Distribution Program)",67.0,0.36,0.09,16.1,83.2,0.28,3.1,122.0,7.0,1.0
"Pears, raw, green anjou (Includes foods for USDA's Food Distribution Program)",66.0,0.44,0.1,15.8,83.3,0.37,3.1,127.0,7.0,1.0
"Pears, raw, red anjou",62.0,0.33,0.14,14.9,84.2,0.35,3.0,123.0,7.0,1.0
"Persimmons, japanese, dried",274.0,1.38,0.59,73.4,23.0,1.59,14.5,802.0,31.0,2.0
"Persimmons, japanese, raw",70.0,0.58,0.19,18.6,80.3,0.33,3.6,161.0,9.0,1.0
"Persimmons, native, raw",127.0,0.8,0.4,33.5,64.4,0.9,,310.0,,1.0
"Pineapple juice, canned or bottled, unsweetened, with added ascorbic acid",53.0,0.36,0.12,12.9,86.4,0.28,0.2,130.0,12.0,2.0
"Pineapple juice, canned or bottled, unsweetened, without added ascorbic acid",53.0,0.36,0.12,12.9,86.4,0.28,0.2,130.0,12.0,2.0
"Pineapple juice, canned, not from concentrate, unsweetened, with added vitamins A, C and E",50.0,0.36,0.14,12.2,87.1,0.26,0.2,132.0,11.0,3.0
"Pineapple juice, frozen concentrate, unsweetened, diluted with 3 volume water",51.0,0.4,0.03,12.7,86.6,0.3,0.2,132.0,14.0,1.0
"Pineapple juice, frozen concentrate, unsweetened, undiluted",179.0,1.3,0.1,44.3,53.1,1.2,0.7,472.0,35.0,3.0
"Pineapple, canned, extra heavy syrup pack, solids and liquids",83.0,0.34,0.11,21.5,77.7,0.34,0.8,102.0,15.0,1.0
"Pineapple, canned, heavy syrup pack, solids and liquids",78.0,0.35,0.11,20.2,79.0,0.34,0.8,104.0,16.0,1.0
"Pineapple, canned, juice pack, drained",60.0,0.51,0.11,15.6,83.5,0.31,1.3,124.0,15.0,1.0
"Pineapple, canned, juice pack, solids and liquids",60.0,0.42,0.08,15.7,83.5,0.3,0.8,122.0,14.0,1.0
"Pineapple, canned, light syrup pack, solids and liquids",52.0,0.36,0.12,13.4,85.7,0.35,0.8,105.0,16.0,1.0
"Pineapple, canned, water pack, solids and liquids",32.0,0.43,0.09,8.3,90.8,0.35,0.8,127.0,18.0,1.0
"Pineapple, frozen, chunks, sweetened",86.0,0.4,0.1,22.2,77.1,0.2,1.1,100.0,10.0,2.0
"Pineapple, raw, all varieties",50.0,0.54,0.12,13.1,86.0,0.22,1.4,109.0,12.0,1.0
"Pineapple, raw, extra sweet variety",51.0,0.53,0.11,13.5,85.7,0.2,1.4,108.0,12.0,1.0
"Pineapple, raw, traditional varieties",45.0,0.55,0.13,11.8,87.2,0.27,,125.0,12.0,1.0
"Pitanga, (surinam-cherry), raw",33.0,0.8,0.4,7.49,90.8,0.5,,103.0,12.0,3.0
"Plantains, green, boiled",121.0,1.09,0.08,29.2,69.1,0.6,2.6,289.0,28.0,2.0
"Plantains, green, fried",309.0,1.5,11.8,49.2,36.1,1.44,3.5,482.0,58.0,2.0
"Plantains, green, raw",152.0,1.25,0.07,36.7,61.1,0.92,2.2,431.0,41.0,2.0
"Plantains, yellow, baked",155.0,1.52,0.16,41.4,55.9,1.09,2.2,477.0,41.0,2.0
"Plantains, yellow, raw",122.0,1.3,0.35,31.9,65.2,1.15,1.7,487.0,36.0,4.0
"Plums, canned, heavy syrup, drained",89.0,0.44,0.14,23.1,76.1,0.25,1.5,93.0,5.0,19.0
"Plums, canned, purple, extra heavy syrup pack, solids and liquids",101.0,0.36,0.1,26.3,73.0,0.24,1.0,89.0,5.0,19.0
"Plums, canned, purple, heavy syrup pack, solids and liquids",89.0,0.36,0.1,23.2,76.1,0.24,0.9,91.0,5.0,19.0
"Plums, canned, purple, juice pack, solids and liquids",58.0,0.51,0.02,15.2,84.0,0.3,0.9,154.0,8.0,1.0
"Plums, canned, purple, light syrup pack, solids and liquids",63.0,0.37,0.1,16.3,83.0,0.25,0.9,93.0,5.0,20.0
"Plums, canned, purple, water pack, solids and liquids",41.0,0.39,0.01,11.0,88.4,0.23,0.9,126.0,5.0,1.0
"Plums, dried (prunes), stewed, with added sugar",124.0,1.09,0.22,32.9,65.1,0.73,3.8,312.0,19.0,2.0
"Plums, dried (prunes), stewed, without added sugar",107.0,0.96,0.16,28.1,69.7,1.16,3.1,321.0,18.0,1.0
"Plums, dried (prunes), uncooked",240.0,2.18,0.38,63.9,30.9,2.64,7.1,732.0,41.0,2.0
"Plums, raw",46.0,0.7,0.28,11.4,87.2,0.37,1.4,157.0,7.0,0.0
"Pomegranate juice, bottled",54.0,0.15,0.29,13.1,86.0,0.49,0.1,214.0,7.0,9.0
"Pomegranates, raw",83.0,1.67,1.17,18.7,77.9,0.53,4.0,236.0,12.0,3.0
"Prickly pears, raw",41.0,0.73,0.51,9.57,87.6,1.64,3.6,220.0,85.0,5.0
"Prune juice, canned",71.0,0.61,0.03,17.4,81.2,0.68,1.0,276.0,14.0,4.0
Prune puree,257.0,2.1,0.2,65.1,30.0,2.6,3.3,852.0,,23.0
"Prunes, canned, heavy syrup pack, solids and liquids",105.0,0.87,0.2,27.8,70.7,0.46,3.8,226.0,15.0,3.0
"Prunes, dehydrated (low-moisture), stewed",113.0,1.23,0.24,29.7,68.0,0.83,,353.0,21.0,2.0
"Prunes, dehydrated (low-moisture), uncooked",339.0,3.7,0.73,89.1,4.0,2.5,,1060.0,64.0,5.0
"Pummelo, raw",38.0,0.76,0.04,9.62,89.1,0.48,1.0,216.0,6.0,1.0
"Quinces, raw",57.0,0.4,0.1,15.3,83.8,0.4,1.9,197.0,8.0,4.0
"Raisins, dark, seedless (Includes foods for USDA's Food Distribution Program)",299.0,3.3,0.25,79.3,15.5,1.68,4.5,744.0,36.0,26.0
"Raisins, golden, seedless",301.0,3.28,0.2,80.0,14.9,1.61,3.3,746.0,35.0,24.0
"Raisins, seeded",296.0,2.52,0.54,78.5,16.6,1.89,6.8,825.0,30.0,28.0
"Rambutan, canned, syrup pack",82.0,0.65,0.21,20.9,78.0,0.23,0.9,42.0,7.0,11.0
"Raspberries, canned, red, heavy syrup pack, solids and liquids",91.0,0.83,0.12,23.4,75.3,0.36,3.3,94.0,12.0,3.0
"Raspberries, frozen, red, sweetened",103.0,0.7,0.16,26.2,72.8,0.24,4.4,114.0,13.0,1.0
"Raspberries, frozen, red, unsweetened",56.0,1.15,0.81,12.6,85.0,0.48,4.3,184.0,23.0,4.0
"Raspberries, puree, seedless",41.0,1.02,0.87,7.99,89.7,0.42,0.9,169.0,15.0,4.0
"Raspberries, puree, with seeds",55.0,1.1,0.97,11.5,85.9,0.54,4.3,195.0,25.0,4.0
"Raspberries, raw",52.0,1.2,0.65,11.9,85.8,0.46,6.5,151.0,22.0,1.0
Raspberry juice concentrate,221.0,3.04,1.34,53.2,41.2,1.29,1.1,1180.0,112.0,10.0
"Rhubarb, frozen, cooked, with sugar",116.0,0.39,0.05,31.2,67.8,0.56,2.0,96.0,12.0,1.0
"Rhubarb, frozen, uncooked",21.0,0.55,0.11,5.1,93.5,0.72,1.8,108.0,18.0,2.0
"Rhubarb, raw",21.0,0.9,0.2,4.54,93.6,0.76,1.8,288.0,12.0,4.0
"Rose-apples, raw",25.0,0.6,0.3,5.7,93.0,0.4,,123.0,5.0,0.0
"Roselle, raw",49.0,0.96,0.64,11.3,86.6,0.51,,208.0,51.0,6.0
"Rowal, raw",111.0,2.3,2.0,23.9,71.4,0.4,6.2,131.0,32.0,4.0
"Ruby Red grapefruit juice blend (grapefruit, grape, apple), OCEAN SPRAY, bottled, with added vitamin C",44.0,0.5,0.1,10.5,88.6,0.27,0.2,94.0,,8.0
"Sapodilla, raw",83.0,0.44,1.1,20.0,78.0,0.5,5.3,193.0,12.0,12.0
"Sapote, mamey, raw",124.0,1.45,0.46,32.1,64.9,1.12,5.4,454.0,11.0,7.0
"Soursop, raw",66.0,1.0,0.3,16.8,81.2,0.7,3.3,278.0,21.0,14.0
"Strawberries, canned, heavy syrup pack, solids and liquids",92.0,0.56,0.26,23.5,75.4,0.3,1.7,86.0,8.0,4.0
"Strawberries, frozen, sweetened, sliced",96.0,0.53,0.13,25.9,73.2,0.24,1.9,98.0,7.0,3.0
"Strawberries, frozen, unsweetened (Includes foods for USDA's Food Distribution Program)",35.0,0.43,0.11,9.13,90.0,0.37,2.1,148.0,11.0,2.0
"Strawberries, raw",32.0,0.67,0.3,7.68,91.0,0.4,2.0,153.0,13.0,1.0
"Sugar-apples, (sweetsop), raw",94.0,2.06,0.29,23.6,73.2,0.78,4.4,247.0,21.0,9.0
"Tamarind nectar, canned",57.0,0.09,0.12,14.7,85.0,0.09,0.5,27.0,4.0,7.0
"Tamarinds, raw",239.0,2.8,0.6,62.5,31.4,2.7,5.1,628.0,92.0,28.0
"Tangerine juice, raw",43.0,0.5,0.2,10.1,88.9,0.3,0.2,178.0,8.0,1.0
"Tangerines, (mandarin oranges), canned, juice pack",37.0,0.62,0.03,9.57,89.5,0.28,0.7,133.0,11.0,5.0
"Tangerines, (mandarin oranges), canned, juice pack, drained",38.0,0.75,0.04,9.41,89.5,0.29,1.2,136.0,11.0,5.0
"Tangerines, (mandarin oranges), canned, light syrup pack",61.0,0.45,0.1,16.2,83.1,0.19,0.7,78.0,8.0,6.0
"Tangerines, (mandarin oranges), raw",53.0,0.81,0.31,13.3,85.2,0.38,1.8,166.0,12.0,2.0
"Watermelon, raw",30.0,0.61,0.15,7.55,91.4,0.25,0.4,112.0,10.0,1.0
